true_label,raw_pred,guarded_pred,correct,confidence,margin_top2,repo,workflow,job,failing_step,primary_label,label_source,confidence_source,synthetic,active_features,text_preview,p_compilation,p_configuration,p_flaky_test,p_infrastructure,p_test_failure
configuration,compilation,compilation,False,0.4343184815803638,0.15147101405893748,sqlalchemy/sqlalchemy,Run tests,test-3.11-windows-latest-x86-cext-greenlet,Run tests,runtime.exit_code,ollama,0.95,False,feat_primary_is_runtime=1; feat_first_error_before_tests=1; feat_has_dependency_install=1,ï»¿Current runner version: '2.331.0' Hosted Compute Agent Version: 20260123.484 Commit: <SHA> Build Date: Worker ID: {b5ed4f01-4768-4dc1-988a-7eeae437b563} Azure Region: northcentralus Microsoft Windows Server 2025 10.0.26100 Datacenter Image: windows-2025 Version: 20260127.11.2 Included Software: <url:github.com> Image Release: <url:github.com> Contents: read Metadata: read Secret source: Actions Prepare workflow directory Prepare all required actions Getting action download info Download action repository 'actions/checkout@v4' (SHA:<SHA>) Download action repository 'actions/setup-python@v5' ,0.4343184815803638,0.24071271267159447,0.00023307381832696146,0.0418882644082886,0.2828474675214263
compilation,configuration,configuration,False,0.5108963735889769,0.0867106351401602,tiangolo/fastapi,Build Docs,langs,Install docs extras,runtime.exit_code,ollama,0.855,False,feat_kw_config_fail=1; feat_config_no_compile=1; feat_step_is_setup=1; feat_primary_is_runtime=1; feat_config_missing_file=1; feat_first_error_before_tests=1; feat_error_in_setup_step=1,ï»¿Current runner version: '2.333.1' Hosted Compute Agent Version: 20260213.493 Commit: <SHA> Build Date: Worker ID: {f0cf71cf-ad4b-4132-ae44-e3cea9af105d} Azure Region: westcentralus Ubuntu 24.04.4 LTS Image: ubuntu-24.04 Version: 20260323.65.1 Included Software: <url:github.com> Image Release: <url:github.com> Contents: read Metadata: read Packages: read Secret source: None Prepare workflow directory Prepare all required actions Getting action download info Download action repository 'actions/checkout@v6' (SHA:<SHA>) Download action repository 'actions/setup-python@v6' (SHA:<SHA>) Download a,0.4241857384488167,0.5108963735889769,0.00018558233350377516,0.019575947029945556,0.045156358598757156
configuration,compilation,compilation,False,0.6956027572034927,0.4237746829278611,pypa/virtualenv,🧪 check,🧪 test 3.12 - macos-15,🏗️ Setup test suite,runtime.exit_code,ollama,0.95,False,feat_fw_gradle=1; feat_step_is_test=1; feat_step_is_setup=1; feat_primary_is_runtime=1; feat_first_error_before_tests=1; feat_error_in_setup_step=1; feat_error_in_test_step=1; feat_has_compile_task=1,* [new tag] 20.27.2 -> 20.27.2 * [new tag] 20.27.3 -> 20.27.3 * [new tag] 20.28.0 -> 20.28.0 * [new tag] 20.28.1 -> 20.28.1 * [new tag] 20.29.0 -> 20.29.0 * [new tag] 20.29.1 -> 20.29.1 * [new tag] 20.29.2 -> 20.29.2 * [new tag] 20.29.3 -> 20.29.3 * [new tag] 20.3.0 -> 20.3.0 * [new tag] 20.3.1 -> 20.3.1 * [new tag] 20.30.0 -> 20.30.0 * [new tag] 20.31.0 -> 20.31.0 * [new tag] 20.31.1 -> 20.31.1 * [new tag] 20.31.2 -> 20.31.2 * [new tag] 20.32.0 -> 20.32.0 * [new tag] 20.33.0 -> 20.33.0 * [new tag] 20.33.1 -> 20.33.1 * [new tag] 20.34.0 -> 20.34.0 * [new tag] 20.35.0 -> 20.35.0 * [new tag] 20.,0.6956027572034927,0.27182807427563166,0.00014048827291545513,0.015565995995832997,0.01686268425212735
configuration,compilation,compilation,False,0.4343184815803638,0.15147101405893748,benoitc/gunicorn,lint,3.12 / tox-(other),Check generated docs,runtime.exit_code,ollama,0.95,False,feat_primary_is_runtime=1; feat_first_error_before_tests=1; feat_has_dependency_install=1,ï»¿Current runner version: '2.331.0' Hosted Compute Agent Version: 20260213.493 Commit: <SHA> Build Date: Worker ID: {ebd554eb-d37f-4cd3-947d-3c15f3fc9da8} Azure Region: westus Ubuntu 24.04.3 LTS Image: ubuntu-24.04 Version: 20260217.30.1 Included Software: <url:github.com> Image Release: <url:github.com> Contents: read Metadata: read Secret source: Actions Prepare workflow directory Prepare all required actions Getting action download info Download action repository 'actions/checkout@v6' (SHA:<SHA>) Download action repository 'actions/setup-python@v6' (SHA:<SHA>) Complete job name: 3.12 / tox,0.4343184815803638,0.24071271267159447,0.00023307381832696146,0.0418882644082886,0.2828474675214263
configuration,compilation,compilation,False,0.4343184815803638,0.15147101405893748,benoitc/gunicorn,lint,3.12 / tox-(other),Check generated docs,runtime.exit_code,ollama,0.95,False,feat_primary_is_runtime=1; feat_first_error_before_tests=1; feat_has_dependency_install=1,ï»¿Current runner version: '2.331.0' Hosted Compute Agent Version: 20260123.484 Commit: <SHA> Build Date: Worker ID: {b306142a-58e7-4078-93f4-68318ce12cc6} Azure Region: eastus2 Ubuntu 24.04.3 LTS Image: ubuntu-24.04 Version: 20260126.10.1 Included Software: <url:github.com> Image Release: <url:github.com> Contents: read Metadata: read Secret source: Actions Prepare workflow directory Prepare all required actions Getting action download info Download action repository 'actions/checkout@v6' (SHA:<SHA>) Download action repository 'actions/setup-python@v6' (SHA:<SHA>) Complete job name: 3.12 / to,0.4343184815803638,0.24071271267159447,0.00023307381832696146,0.0418882644082886,0.2828474675214263
configuration,compilation,compilation,False,0.7404580345727101,0.5172654969773297,pypa/virtualenv,🧪 check,🧪 test brew@3.10 - macos-15,🏗️ Setup test suite,runtime.exit_code,ollama,0.95,False,feat_fw_gradle=1; feat_step_is_test=1; feat_step_is_setup=1; feat_primary_is_runtime=1; feat_first_error_before_tests=1; feat_error_in_setup_step=1; feat_error_in_test_step=1; feat_has_compile_task=1; feat_has_dependency_install=1,* [new tag] 20.6.0 -> 20.6.0 * [new tag] 20.7.0 -> 20.7.0 * [new tag] 20.7.1 -> 20.7.1 * [new tag] 20.7.2 -> 20.7.2 * [new tag] 20.8.0 -> 20.8.0 * [new tag] 20.8.1 -> 20.8.1 * [new tag] 20.9.0 -> 20.9.0 * [new ref] <SHA> -> pull/3025/merge [command]/opt/homebrew/bin/git sparse-checkout disable [command]/opt/homebrew/bin/git config --local --unset-all extensions.worktreeConfig [command]/opt/homebrew/bin/git checkout --progress --force refs/remotes/pull/3025/merge HEAD is now at 37ccbbe2 Merge <SHA> into <SHA> [command]/opt/homebrew/bin/git log -1 --format=%H <SHA> git fetch --force --tags <url:,0.7404580345727101,0.22319253759538035,0.00016463409276082412,0.021439458168535937,0.014745335570612904
configuration,compilation,compilation,False,0.5000172400223225,0.13343225498149158,docker/compose,ci,test,Test,runtime.command_not_found,rule,0.92,False,feat_step_is_test=1; feat_primary_is_runtime=1; feat_first_error_before_tests=1; feat_error_in_test_step=1; feat_has_compile_task=1,"""reservedSpace"": ""9.313GiB"", ""maxUsedSpace"": ""93.13GiB"", ""minFreeSpace"": ""27.01GiB"" }, { ""all"": true, ""reservedSpace"": ""9.313GiB"", ""maxUsedSpace"": ""93.13GiB"", ""minFreeSpace"": ""27.01GiB"" } ] } ], ""name"": ""builder-8d43ba28-ceca-40f8-b3b1-cdf99cd4a148"", ""driver"": ""docker-container"", ""lastActivity"": """" } [command]/usr/bin/docker buildx bake <url:github.com> --set *.cache-from=type=gha,scope=test --set *.cache-to=type=gha,scope=test --print test #0 building with ""builder-8d43ba28-ceca-40f8-b3b1-cdf99cd4a148"" instance using docker-container driver #1 [internal] load git source <url:github.com> #1 0.",0.5000172400223225,0.12410142242626171,0.0003306031426620237,0.008965749367922826,0.3665849850408309
configuration,compilation,compilation,False,0.527673877726214,0.21984706578223218,pydantic/pydantic,Third party tests,Test Django Ninja (main branch) on Python 3.11,Install Django Ninja dependencies,runtime.exit_code,ollama,0.95,False,feat_fw_pytest=1; feat_step_is_setup=1; feat_primary_is_runtime=1; feat_first_error_after_tests_started=1; feat_error_in_setup_step=1; feat_error_in_test_step=1; feat_has_dependency_install=1,bmodules: false set-safe-directory: true env: FORCE_COLOR: 1 PIP_PROGRESS_BAR: off Syncing repository: vitalik/django-ninja Working directory is '/home/runner/work/pydantic/pydantic' [command]/usr/bin/git version git version 2.53.0 Temporarily overriding HOME='/home/runner/work/_temp/c5fbe08c-4a36-47d5-b9d8-e615eaa166fd' before making global git config changes Adding repository directory to the temporary git global config as a safe directory [command]/usr/bin/git config --global --add safe.directory /home/runner/work/pydantic/pydantic Deleting the contents of '/home/runner/work/pydantic/pydant,0.527673877726214,0.3078268119439818,0.0020813582330094743,0.05618675511262294,0.10623119698417183
configuration,compilation,compilation,False,0.5513166612264826,0.22331911174760527,checkstyle/checkstyle,Check PR Description,Analyze,Do action,runtime.exit_code,ollama,0.95,False,feat_is_java=1; feat_primary_is_runtime=1; feat_first_error_before_tests=1,ï»¿Current runner version: '2.333.1' Hosted Compute Agent Version: 20260213.493 Commit: <SHA> Build Date: Worker ID: {97356ea0-c9cb-4a08-82bd-b388d4299ab5} Azure Region: northcentralus Ubuntu 24.04.4 LTS Image: ubuntu-24.04 Version: 20260406.80.1 Included Software: <url:github.com> Image Release: <url:github.com> Contents: read Metadata: read Packages: read Secret source: None Prepare workflow directory Prepare all required actions Getting action download info Download action repository 'actions/checkout@v6' (SHA:<SHA>) Complete job name: Analyze with: repository: checkstyle/checkstyle token: ,0.5513166612264826,0.3279975494788773,0.0002389049518138468,0.03286963471101677,0.08757724963180934
configuration,compilation,compilation,False,0.46907154893427666,0.19000449110505535,netty/netty,Auto-port to 4.1,Auto-porting to 4.1,Push auto-port branch,runtime.exit_code,ollama,0.9,False,feat_is_java=1; feat_step_is_docker=1; feat_primary_is_runtime=1; feat_first_error_before_tests=1,g] netty-4.1.0.CR3 -> netty-4.1.0.CR3 * [new tag] netty-4.1.0.CR4 -> netty-4.1.0.CR4 * [new tag] netty-4.1.0.CR5 -> netty-4.1.0.CR5 * [new tag] netty-4.1.0.CR6 -> netty-4.1.0.CR6 * [new tag] netty-4.1.0.CR7 -> netty-4.1.0.CR7 * [new tag] netty-4.1.0.Final -> netty-4.1.0.Final * [new tag] netty-4.1.1.Final -> netty-4.1.1.Final * [new tag] netty-4.1.10.Final -> netty-4.1.10.Final * [new tag] netty-4.1.100.Final -> netty-4.1.100.Final * [new tag] netty-4.1.101.Final -> netty-4.1.101.Final * [new tag] netty-4.1.102.Final -> netty-4.1.102.Final * [new tag] netty-4.1.103.Final -> netty-4.1.103.Final,0.46907154893427666,0.2790670578292213,0.00020326524423566045,0.17714560365678136,0.074512524335485
configuration,compilation,compilation,False,0.5513166612264826,0.22331911174760527,checkstyle/checkstyle,Check PR Description,Analyze,Do action,runtime.exit_code,ollama,0.95,False,feat_is_java=1; feat_primary_is_runtime=1; feat_first_error_before_tests=1,ï»¿Current runner version: '2.333.1' Hosted Compute Agent Version: 20260213.493 Commit: <SHA> Build Date: Worker ID: {28841a9b-2f7f-4d40-af40-84f635162717} Azure Region: westus Ubuntu 24.04.4 LTS Image: ubuntu-24.04 Version: 20260329.72.1 Included Software: <url:github.com> Image Release: <url:github.com> Contents: read Metadata: read Packages: read Secret source: None Prepare workflow directory Prepare all required actions Getting action download info Download action repository 'actions/checkout@v6' (SHA:<SHA>) Complete job name: Analyze with: repository: checkstyle/checkstyle token: *** ssh-,0.5513166612264826,0.3279975494788773,0.0002389049518138468,0.03286963471101677,0.08757724963180934
configuration,compilation,compilation,False,0.7821876611635077,0.6203019945815483,junit-team/junit5,CI,Windows,Build,runtime.exit_code,ollama,0.95,False,feat_fw_junit=1; feat_fw_gradle=1; feat_is_java=1; feat_step_is_compile=1; feat_primary_is_runtime=1; feat_first_error_before_tests=1; feat_error_in_compile_step=1,"[command]""C:\Program Files\Git\bin\git.exe"" remote add origin <url:github.com> [command]""C:\Program Files\Git\bin\git.exe"" config --local gc.auto 0 Removing SSH command configuration [command]""C:\Program Files\Git\bin\git.exe"" config --local --name-only --get-regexp core\.sshCommand [command]""C:\Program Files\Git\bin\git.exe"" submodule foreach --recursive ""sh -c \""git config --local --name-only --get-regexp 'core\.sshCommand' && git config --local --unset-all 'core.sshCommand' || :\"""" Removing HTTP extra header [command]""C:\Program Files\Git\bin\git.exe"" config --local --name-only --get-regexp",0.7821876611635077,0.16188566658195933,0.00013653396478292815,0.0060064970639918825,0.049783641225758304
configuration,compilation,compilation,False,0.5066524268068551,0.09379588603184924,wtforms/wtforms,Tests,3.14,Set up Python 3.14,runtime.exit_code,ollama,0.95,False,feat_step_is_setup=1; feat_primary_is_runtime=1; feat_first_error_before_tests=1; feat_error_in_setup_step=1,ï»¿Current runner version: '2.333.1' Hosted Compute Agent Version: 20260213.493 Commit: <SHA> Build Date: Worker ID: {5a0da032-c78f-4c4c-884a-6c45069a2626} Azure Region: westus3 Ubuntu 24.04.4 LTS Image: ubuntu-24.04 Version: 20260413.86.1 Included Software: <url:github.com> Image Release: <url:github.com> Contents: read Metadata: read Packages: read Secret source: None Prepare workflow directory Prepare all required actions Getting action download info Download action repository 'actions/checkout@<SHA>' (SHA:<SHA>) Download action repository 'astral-sh/setup-uv@<SHA>' (SHA:<SHA>) Complete job,0.5066524268068551,0.41285654077500583,0.00020864883971992142,0.02874331595661239,0.051539067621806774
configuration,compilation,compilation,False,0.7400010978314648,0.5894756629409048,hibernate/hibernate-orm,GH Actions CI reporting,Publish Develocity build scans,Publish Develocity build scans for previous builds,runtime.exit_code,ollama,0.95,False,feat_build_duration=77; feat_fw_gradle=1; feat_is_java=1; feat_kw_compile_fail=1; feat_compile_no_tests=1; feat_step_is_compile=1; feat_primary_is_runtime=1; feat_compile_build_task=1; feat_first_error_before_tests=1; feat_error_in_compile_step=1; feat_has_compile_task=1; feat_compile_over_config_guard=1,"ub.com> || :"" Removing includeIf entries pointing to credentials config files [command]/usr/bin/git config --local --name-only --get-regexp ^includeIf\.gitdir: includeif.gitdir:/home/runner/work/hibernate-orm/hibernate-orm/.git.path includeif.gitdir:/home/runner/work/hibernate-orm/hibernate-orm/.git/worktrees/*.path includeif.gitdir:/github/workspace/.git.path includeif.gitdir:/github/workspace/.git/worktrees/*.path [command]/usr/bin/git config --local --get-all includeif.gitdir:/home/runner/work/hibernate-orm/hibernate-orm/.git.path /home/runner/work/_temp/git-credentials-ae9b493d-9608-459a-8",0.7400010978314648,0.15052543489056006,7.148844009820074e-05,0.015023705275758227,0.09437827356211866
configuration,compilation,compilation,False,0.5513166612264826,0.22331911174760527,opensearch-project/OpenSearch,Link Checker,linkchecker,lychee Link Checker,runtime.exit_code,ollama,0.95,False,feat_is_java=1; feat_primary_is_runtime=1; feat_first_error_before_tests=1,ï»¿Current runner version: '2.334.0' Hosted Compute Agent Version: 20260213.493 Commit: <SHA> Build Date: Worker ID: {0f430b4c-388f-42fc-bc6d-a0a23e79369b} Azure Region: westus3 Ubuntu 24.04.4 LTS Image: ubuntu-24.04 Version: 20260413.86.1 Included Software: <url:github.com> Image Release: <url:github.com> Contents: read Metadata: read Secret source: Actions Prepare workflow directory Prepare all required actions Getting action download info Download action repository 'actions/checkout@v6' (SHA:<SHA>) Download action repository 'lycheeverse/lychee-action@v2.8.0' (SHA:<SHA>) Complete job name: ,0.5513166612264826,0.3279975494788773,0.0002389049518138468,0.03286963471101677,0.08757724963180934
compilation,configuration,configuration,False,0.5108963735889769,0.0867106351401602,tox-dev/tox,check,test 3.14 on windows-2025,Install tox@self,runtime.exit_code,ollama,0.81,False,feat_kw_config_fail=1; feat_config_no_compile=1; feat_step_is_setup=1; feat_primary_is_runtime=1; feat_config_missing_file=1; feat_first_error_before_tests=1; feat_error_in_setup_step=1,* [new tag] 4.46.3 -> 4.46.3 * [new tag] 4.47.0 -> 4.47.0 * [new tag] 4.47.1 -> 4.47.1 * [new tag] 4.47.2 -> 4.47.2 * [new tag] 4.47.3 -> 4.47.3 * [new tag] 4.48.0 -> 4.48.0 * [new tag] 4.48.1 -> 4.48.1 * [new tag] 4.49.0 -> 4.49.0 * [new tag] 4.49.1 -> 4.49.1 * [new tag] 4.5.0 -> 4.5.0 * [new tag] 4.5.1 -> 4.5.1 * [new tag] 4.5.1.1 -> 4.5.1.1 * [new tag] 4.5.2 -> 4.5.2 * [new tag] 4.50.0 -> 4.50.0 * [new tag] 4.50.1 -> 4.50.1 * [new tag] 4.50.2 -> 4.50.2 * [new tag] 4.50.3 -> 4.50.3 * [new tag] 4.51.0 -> 4.51.0 * [new tag] 4.52.0 -> 4.52.0 * [new tag] 4.6.0 -> 4.6.0 * [new tag] 4.6.1 -> 4.6.1,0.4241857384488167,0.5108963735889769,0.00018558233350377516,0.019575947029945556,0.045156358598757156
compilation,configuration,configuration,False,0.7941237733915402,0.6762526614050625,opensearch-project/OpenSearch,Gradle Check (Jenkins),Code-Diff-Analyzer / Code-Diff-Analyzer,Check final status,runtime.exit_code,ollama,0.855,False,feat_fw_gradle=1; feat_is_java=1; feat_kw_config_fail=1; feat_config_no_compile=1; feat_primary_is_runtime=1; feat_config_auth_permission=1; feat_first_error_before_tests=1; feat_error_in_setup_step=1; feat_has_dependency_install=1; feat_config_strong_only=1,"LAUDE_CODE_MAX_OUTPUT_TOKENS: 4096 MAX_THINKING_TOKENS: 1024 DIFF_CONTENT_PATH: git_diff_content.txt DIFF_REPORT_PATH: git_diff_analyzer.json BASE_SHA: <SHA> HEAD_SHA: <SHA> Get diff between base(<SHA>) and head(<SHA>) % Total % Received % Xferd Average Speed Time Time Time Current Dload Upload Total Spent Left Speed 0 0 0 0 0 0 0 0 --:--:-- --:--:-- --:--:-- 0 100 1362 100 1362 0 0 4158 0 --:--:-- --:--:-- --:--:-- 4165 Check diff size of '1362', token number '454', max token limit '160000' ------------------------------------------------------- diff --git a/buildSrc/src/main/java/org/opensea",0.0801631084639718,0.7941237733915402,4.539410749323821e-05,0.1178711119864777,0.0077966120505170294
configuration,compilation,compilation,False,0.5110597225097439,0.043833315884540924,wtforms/wtforms,Tests,py3.10 pallets-eco/flask-wtf downstream,Install downstream test environment,runtime.exit_code,ollama,0.95,False,feat_kw_config_fail=1; feat_config_no_compile=1; feat_step_is_test=1; feat_step_is_setup=1; feat_primary_is_runtime=1; feat_config_missing_file=1; feat_first_error_before_tests=1; feat_error_in_setup_step=1; feat_error_in_test_step=1; feat_has_dependency_install=1,"sion 2.53.0 Temporarily overriding HOME='/home/runner/work/_temp/e7827dff-b564-4755-90cc-57141fdbe609' before making global git config changes Adding repository directory to the temporary git global config as a safe directory [command]/usr/bin/git config --global --add safe.directory /home/runner/work/wtforms/wtforms/wtforms [command]/usr/bin/git init /home/runner/work/wtforms/wtforms/wtforms hint: Using 'master' as the name for the initial branch. This default branch name hint: will change to ""main"" in Git 3.0. To configure the initial branch name hint: to use in all of your new repositories,",0.5110597225097439,0.46722640662520293,0.00035163951070901566,0.007816670344915266,0.0135455610094289
compilation,configuration,configuration,False,0.9078597593381771,0.8340773962770737,aio-libs/aiohttp,CI,Linter,Install dependencies,runtime.exit_code,ollama,0.81,False,feat_fw_pytest=1; feat_kw_config_fail=1; feat_config_no_compile=1; feat_step_is_setup=1; feat_primary_is_runtime=1; feat_config_auth_permission=1; feat_first_error_after_tests_started=1; feat_error_in_setup_step=1; feat_error_in_test_step=1; feat_has_dependency_install=1; feat_config_strong_only=1,"ct_hooks, Pygments, pycparser, packaging, nh3, more-itertools, mdurl, jeepney, idna, docutils, charset_normalizer, certifi, backports.tarfile, wheel, requests, readme-renderer, markdown-it-py, jaraco.functools, jaraco.context, jaraco.classes, importlib_metadata, id, cffi, build, rich, requests-toolbelt, cryptography, SecretStorage, keyring, twine Attempting uninstall: setuptools Found existing installation: setuptools 79.0.1 âââºâââââââââââââââââââââââââââââââââââââ 2/34 [setuptools] âââºââââââââ",0.07378236306110338,0.9078597593381771,0.00029102734717484157,0.004801880475338728,0.01326496977820592
configuration,compilation,compilation,False,0.9822286602325452,0.9750903128420384,junit-team/junit5,CI,Windows,Build,compile.java_kotlin,ollama,0.72,False,feat_fw_junit=1; feat_fw_gradle=1; feat_is_java=1; feat_step_is_compile=1; feat_primary_is_compile=1; feat_first_error_before_tests=1; feat_error_in_compile_step=1,"[command]""C:\Program Files\Git\bin\git.exe"" remote add origin <url:github.com> [command]""C:\Program Files\Git\bin\git.exe"" config --local gc.auto 0 Removing SSH command configuration [command]""C:\Program Files\Git\bin\git.exe"" config --local --name-only --get-regexp core\.sshCommand [command]""C:\Program Files\Git\bin\git.exe"" submodule foreach --recursive ""sh -c \""git config --local --name-only --get-regexp 'core\.sshCommand' && git config --local --unset-all 'core.sshCommand' || :\"""" Removing HTTP extra header [command]""C:\Program Files\Git\bin\git.exe"" config --local --name-only --get-regexp",0.9822286602325452,0.007138347390506785,5.399072313471461e-05,0.0037755058888922807,0.00680349576492099
compilation,configuration,configuration,False,0.958034076344559,0.9237989223009134,apache/camel-quarkus,Camel Quarkus CI,initial-mvn-install,Build Camel,dep.toolchain_incompatible,ollama,0.855,False,feat_is_java=1; feat_step_is_compile=1; feat_primary_is_config=1; feat_first_error_before_tests=1; feat_error_in_compile_step=1; feat_has_compile_task=1,NFO] Camel :: YAML DSL :: Validator Maven Plugin [maven-plugin] [INFO] Camel :: Kamelet Main [jar] [INFO] Camel :: JBang :: Parent [pom] [INFO] Camel :: JBang :: Console [jar] [INFO] Camel :: JBang :: Core [jar] [INFO] Camel :: JBang :: Main [jar] [INFO] Camel :: JBang :: MCP [jar] [INFO] Camel :: JBang :: Plugin :: Generate [jar] [INFO] Camel :: JBang :: Plugin :: Edit [jar] [INFO] Camel :: JBang :: Plugin :: Kubernetes [jar] [INFO] Camel :: JBang :: Plugin :: Route Parser [jar] [INFO] Camel :: JBang :: Plugin :: Testing [jar] [INFO] Camel :: JBang :: Plugin :: Validate [jar] [INFO] Camel :: ,0.03423515404364549,0.958034076344559,2.0206369246485753e-05,0.004844895627831421,0.0028656676147174485
configuration,compilation,compilation,False,0.4343184815803638,0.15147101405893748,sqlalchemy/sqlalchemy,Run tests,test-3.11-windows-latest-x86-cext-greenlet,Run tests,runtime.exit_code,ollama,0.95,False,feat_primary_is_runtime=1; feat_first_error_before_tests=1; feat_has_dependency_install=1,ï»¿Current runner version: '2.331.0' Hosted Compute Agent Version: 20260213.493 Commit: <SHA> Build Date: Worker ID: {a9d3daf1-7bd2-4455-b0f3-9959145567cf} Azure Region: westus Microsoft Windows Server 2025 10.0.26100 Datacenter Image: windows-2025 Version: 20260225.38.2 Included Software: <url:github.com> Image Release: <url:github.com> Contents: read Metadata: read Secret source: Actions Prepare workflow directory Prepare all required actions Getting action download info Download action repository 'actions/checkout@v4' (SHA:<SHA>) Download action repository 'actions/setup-python@v5' (SHA:<SH,0.4343184815803638,0.24071271267159447,0.00023307381832696146,0.0418882644082886,0.2828474675214263
configuration,compilation,compilation,False,0.5513166612264826,0.22331911174760527,checkstyle/checkstyle,Check PR Description,Analyze,Do action,runtime.exit_code,ollama,0.95,False,feat_is_java=1; feat_primary_is_runtime=1; feat_first_error_before_tests=1,ï»¿Current runner version: '2.333.1' Hosted Compute Agent Version: 20260213.493 Commit: <SHA> Build Date: Worker ID: {e3a44f96-a6ca-4bba-ab17-6244c761b223} Azure Region: westus Ubuntu 24.04.4 LTS Image: ubuntu-24.04 Version: 20260329.72.1 Included Software: <url:github.com> Image Release: <url:github.com> Contents: read Metadata: read Packages: read Secret source: None Prepare workflow directory Prepare all required actions Getting action download info Download action repository 'actions/checkout@v6' (SHA:<SHA>) Complete job name: Analyze with: repository: checkstyle/checkstyle token: *** ssh-,0.5513166612264826,0.3279975494788773,0.0002389049518138468,0.03286963471101677,0.08757724963180934
configuration,compilation,compilation,False,0.5513166612264826,0.22331911174760527,checkstyle/checkstyle,Check PR Description,Analyze,Do action,runtime.exit_code,ollama,0.95,False,feat_is_java=1; feat_primary_is_runtime=1; feat_first_error_before_tests=1,ï»¿Current runner version: '2.333.1' Hosted Compute Agent Version: 20260213.493 Commit: <SHA> Build Date: Worker ID: {ee3286bd-3045-4859-a5e1-90c91b52c09b} Azure Region: westus3 Ubuntu 24.04.4 LTS Image: ubuntu-24.04 Version: 20260406.80.1 Included Software: <url:github.com> Image Release: <url:github.com> Contents: read Metadata: read Packages: read Secret source: None Prepare workflow directory Prepare all required actions Getting action download info Download action repository 'actions/checkout@v6' (SHA:<SHA>) Complete job name: Analyze with: repository: checkstyle/checkstyle token: *** ssh,0.5513166612264826,0.3279975494788773,0.0002389049518138468,0.03286963471101677,0.08757724963180934
configuration,compilation,compilation,False,0.4343184815803638,0.15147101405893748,benoitc/gunicorn,lint,3.12 / tox-(other),Check generated docs,runtime.exit_code,ollama,0.95,False,feat_primary_is_runtime=1; feat_first_error_before_tests=1; feat_has_dependency_install=1,ï»¿Current runner version: '2.332.0' Hosted Compute Agent Version: 20260213.493 Commit: <SHA> Build Date: Worker ID: {2ee50d09-3d3e-45d8-ba18-37f3229f3105} Azure Region: centralus Ubuntu 24.04.3 LTS Image: ubuntu-24.04 Version: 20260309.50.1 Included Software: <url:github.com> Image Release: <url:github.com> Contents: read Metadata: read Secret source: Actions Prepare workflow directory Prepare all required actions Getting action download info Download action repository 'actions/checkout@v6' (SHA:<SHA>) Download action repository 'actions/setup-python@v6' (SHA:<SHA>) Complete job name: 3.12 / ,0.4343184815803638,0.24071271267159447,0.00023307381832696146,0.0418882644082886,0.2828474675214263
configuration,compilation,compilation,False,0.9069282725323737,0.864486803249657,netty/netty,Build PR,linux-x86_64-java11-awslc build,Checking for test failures,compile.java_kotlin,ollama,0.81,False,feat_is_java=1; feat_step_is_test=1; feat_primary_is_compile=1; feat_error_in_test_step=1,"}, childGroup: MultiThreadIoEventLoopGroup, childOptions: {io.netty.channel.uring.IoUringChannelOption#IO_URING_BUFFER_GROUP_ID=0, ALLOCATOR=AdaptiveByteBufAllocator(directByDefault: true)})) + Bootstrap(BootstrapConfig(group: MultiThreadIoEventLoopGroup, channelFactory: ReflectiveChannelFactory(IoUringSocketChannel.class), options: {io.netty.channel.uring.IoUringChannelOption#IO_URING_BUFFER_GROUP_ID=0, ALLOCATOR=AdaptiveByteBufAllocator(directByDefault: true)}, resolver: io.netty.resolver.DefaultAddressResolverGroup@63a5e46c))) with AdaptiveByteBufAllocator 12:50:06.374 [testsuite-io_uring-g",0.9069282725323737,0.0170197704531604,0.0065883041804632074,0.027022183551285953,0.04244146928271679
compilation,configuration,configuration,False,0.9716235010857448,0.9491076004556074,apache/camel-quarkus,Camel Quarkus CI,initial-mvn-install,mvn clean install -DskipTests,dep.not_found,ollama,0.855,False,feat_fw_junit=1; feat_is_java=1; feat_step_is_setup=1; feat_primary_is_config=1; feat_first_error_after_tests_started=1; feat_error_in_setup_step=1; feat_error_in_test_step=1; feat_has_compile_task=1,fit :: Runtime [jar] [INFO] Camel Quarkus :: Support :: Retrofit :: Deployment [jar] [INFO] Camel Quarkus :: Support :: Consul Client [pom] [INFO] Camel Quarkus :: Support :: Consul Client :: Runtime [jar] [INFO] Camel Quarkus :: Support :: Consul Client :: Deployment [jar] [INFO] Camel Quarkus :: Support :: Debezium [pom] [INFO] Camel Quarkus :: Support :: Debezium :: Runtime [jar] [INFO] Camel Quarkus :: Support :: Debezium :: Deployment [jar] [INFO] Camel Quarkus :: Support :: DSL [pom] [INFO] Camel Quarkus :: Support :: DSL :: Runtime [jar] [INFO] Camel Quarkus :: Support :: DSL :: Deploym,0.022515900630137364,0.9716235010857448,0.0003171778252510435,0.002063038890068353,0.003480381568798577
configuration,compilation,compilation,False,0.8861484427468055,0.8063327294471253,ben-manes/caffeine,Static analysis for Java,Spotbugs,Spotbugs,compile.java_kotlin,ollama,0.81,False,feat_fw_gradle=1; feat_is_java=1; feat_primary_is_compile=1; feat_first_error_before_tests=1,ï»¿Current runner version: '2.333.1' Hosted Compute Agent Version: 20260213.493 Commit: <SHA> Build Date: Worker ID: {0c7fcefd-2947-43a4-ba95-b170e336417f} Azure Region: northcentralus Ubuntu 24.04.4 LTS Image: ubuntu-24.04 Version: 20260413.86.1 Included Software: <url:github.com> Image Release: <url:github.com> Actions: read Contents: read Metadata: read SecurityEvents: write Secret source: Actions Prepare workflow directory Prepare all required actions Getting action download info Download action repository 'step-security/harden-runner@<SHA>' (SHA:<SHA>) Download action repository 'actions/,0.8861484427468055,0.015022829510738776,0.0001511746971295876,0.0798157132996802,0.018861839745646113
compilation,configuration,configuration,False,0.6088294165075723,0.25195933077622223,pydantic/pydantic,CI,core / Build PGO-optimized on windows / 3.10,Build PGO wheel,runtime.exit_code,ollama,0.855,False,feat_kw_config_fail=1; feat_config_no_compile=1; feat_step_is_compile=1; feat_primary_is_runtime=1; feat_config_auth_permission=1; feat_first_error_before_tests=1; feat_error_in_compile_step=1; feat_error_in_setup_step=1; feat_has_compile_task=1; feat_has_dependency_install=1; feat_config_strong_only=1,"COLUMNS: 150 UV_FROZEN: true FORCE_COLOR: 1 UV_TOOL_BIN_DIR: D:\a\_temp\uv-tool-bin-dir UV_TOOL_DIR: D:\a\_temp\uv-tool-dir UV_PYTHON_INSTALL_DIR: D:\a\_temp\uv-python-dir UV_PYTHON: 3.10 UV_CACHE_DIR: D:\a\_temp\setup-uv-cache CARGO_HOME: C:\Users\runneradmin\.cargo CARGO_INCREMENTAL: 0 : enable Cargo sparse registry # implemented in 1.66, stabilized in 1.68, made default in 1.70 if [ -z ""${CARGO_REGISTRIES_CRATES_IO_PROTOCOL+set}"" -o -f ""D:\a\_temp""/.implicit_cargo_registries_crates_io_protocol ]; then if rustc +stable --version --verbose | grep -q '^release: 1\.6[89]\.'; then touch ""D:\a\_t",0.35687008573135004,0.6088294165075723,1.7955707929321833e-05,0.0026982971503020526,0.03158424490284638
compilation,configuration,configuration,False,0.5108963735889769,0.0867106351401602,tox-dev/tox,check,test 3.12 on windows-2025,Install tox@self,runtime.exit_code,ollama,0.81,False,feat_kw_config_fail=1; feat_config_no_compile=1; feat_step_is_setup=1; feat_primary_is_runtime=1; feat_config_missing_file=1; feat_first_error_before_tests=1; feat_error_in_setup_step=1,* [new tag] 4.46.3 -> 4.46.3 * [new tag] 4.47.0 -> 4.47.0 * [new tag] 4.47.1 -> 4.47.1 * [new tag] 4.47.2 -> 4.47.2 * [new tag] 4.47.3 -> 4.47.3 * [new tag] 4.48.0 -> 4.48.0 * [new tag] 4.48.1 -> 4.48.1 * [new tag] 4.49.0 -> 4.49.0 * [new tag] 4.49.1 -> 4.49.1 * [new tag] 4.5.0 -> 4.5.0 * [new tag] 4.5.1 -> 4.5.1 * [new tag] 4.5.1.1 -> 4.5.1.1 * [new tag] 4.5.2 -> 4.5.2 * [new tag] 4.50.0 -> 4.50.0 * [new tag] 4.50.1 -> 4.50.1 * [new tag] 4.50.2 -> 4.50.2 * [new tag] 4.50.3 -> 4.50.3 * [new tag] 4.51.0 -> 4.51.0 * [new tag] 4.52.0 -> 4.52.0 * [new tag] 4.6.0 -> 4.6.0 * [new tag] 4.6.1 -> 4.6.1,0.4241857384488167,0.5108963735889769,0.00018558233350377516,0.019575947029945556,0.045156358598757156
compilation,configuration,configuration,False,0.5251233326920728,0.07572674067418722,tox-dev/tox,check,tox env pkg_meta on ubuntu-24.04,Setup check suite,runtime.exit_code,ollama,0.81,False,feat_kw_config_fail=1; feat_config_no_compile=1; feat_step_is_setup=1; feat_primary_is_runtime=1; feat_config_missing_file=1; feat_first_error_before_tests=1; feat_error_in_setup_step=1; feat_has_compile_task=1; feat_has_dependency_install=1,"o create a new branch to retain commits you create, you may do so (now or later) by using -c with the switch command. Example: git switch -c <new-branch-name> Or undo this operation with: git switch - Turn off this advice by setting config variable advice.detachedHead to false HEAD is now at b02b1dca Merge <SHA> into <SHA> [command]/usr/bin/git log -1 --format=%H <SHA> with: enable-cache: true cache-dependency-glob: pyproject.toml github-token: *** activate-environment: false working-directory: /home/runner/work/tox/tox restore-cache: true save-cache: true prune-cache: true cache-python: false",0.44939659201788557,0.5251233326920728,5.4575410768168766e-05,0.008239305509605093,0.01718619436966833
configuration,compilation,compilation,False,0.4343184815803638,0.15147101405893748,benoitc/gunicorn,lint,3.12 / tox-(other),Check generated docs,runtime.exit_code,ollama,0.95,False,feat_primary_is_runtime=1; feat_first_error_before_tests=1; feat_has_dependency_install=1,ï»¿Current runner version: '2.332.0' Hosted Compute Agent Version: 20260213.493 Commit: <SHA> Build Date: Worker ID: {3a426155-3779-4806-b226-4613b176a212} Azure Region: westcentralus Ubuntu 24.04.3 LTS Image: ubuntu-24.04 Version: 20260309.50.1 Included Software: <url:github.com> Image Release: <url:github.com> Contents: read Metadata: read Secret source: Actions Prepare workflow directory Prepare all required actions Getting action download info Download action repository 'actions/checkout@v6' (SHA:<SHA>) Download action repository 'actions/setup-python@v6' (SHA:<SHA>) Complete job name: 3.1,0.4343184815803638,0.24071271267159447,0.00023307381832696146,0.0418882644082886,0.2828474675214263
configuration,compilation,compilation,False,0.5513166612264826,0.22331911174760527,checkstyle/checkstyle,Check PR Description,Analyze,Do action,runtime.exit_code,ollama,0.95,False,feat_is_java=1; feat_primary_is_runtime=1; feat_first_error_before_tests=1,ï»¿Current runner version: '2.333.1' Hosted Compute Agent Version: 20260213.493 Commit: <SHA> Build Date: Worker ID: {9fa4b68d-7f7d-44c4-baae-7efe730fd6b2} Azure Region: northcentralus Ubuntu 24.04.4 LTS Image: ubuntu-24.04 Version: 20260406.80.1 Included Software: <url:github.com> Image Release: <url:github.com> Contents: read Metadata: read Packages: read Secret source: None Prepare workflow directory Prepare all required actions Getting action download info Download action repository 'actions/checkout@v6' (SHA:<SHA>) Complete job name: Analyze with: repository: checkstyle/checkstyle token: ,0.5513166612264826,0.3279975494788773,0.0002389049518138468,0.03286963471101677,0.08757724963180934
configuration,compilation,compilation,False,0.5513166612264826,0.22331911174760527,checkstyle/checkstyle,Check PR Description,Analyze,Do action,runtime.exit_code,ollama,0.95,False,feat_is_java=1; feat_primary_is_runtime=1; feat_first_error_before_tests=1,ï»¿Current runner version: '2.334.0' Hosted Compute Agent Version: 20260213.493 Commit: <SHA> Build Date: Worker ID: {401e3f73-f382-4a8d-9178-a1a3e4e53111} Azure Region: centralus Ubuntu 24.04.4 LTS Image: ubuntu-24.04 Version: 20260413.86.1 Included Software: <url:github.com> Image Release: <url:github.com> Contents: read Metadata: read Packages: read Secret source: None Prepare workflow directory Prepare all required actions Getting action download info Download action repository 'actions/checkout@v6' (SHA:<SHA>) Complete job name: Analyze with: repository: checkstyle/checkstyle token: *** s,0.5513166612264826,0.3279975494788773,0.0002389049518138468,0.03286963471101677,0.08757724963180934
configuration,compilation,compilation,False,0.5513166612264826,0.22331911174760527,checkstyle/checkstyle,Check PR Description,Analyze,Do action,runtime.exit_code,ollama,0.95,False,feat_is_java=1; feat_primary_is_runtime=1; feat_first_error_before_tests=1,ï»¿Current runner version: '2.333.1' Hosted Compute Agent Version: 20260213.493 Commit: <SHA> Build Date: Worker ID: {23f5ce98-2906-41b2-9dfe-3a03303f6f57} Azure Region: centralus Ubuntu 24.04.4 LTS Image: ubuntu-24.04 Version: 20260413.86.1 Included Software: <url:github.com> Image Release: <url:github.com> Contents: read Metadata: read Packages: read Secret source: None Prepare workflow directory Prepare all required actions Getting action download info Download action repository 'actions/checkout@v6' (SHA:<SHA>) Complete job name: Analyze with: repository: checkstyle/checkstyle token: *** s,0.5513166612264826,0.3279975494788773,0.0002389049518138468,0.03286963471101677,0.08757724963180934
compilation,configuration,configuration,False,0.4954503569108801,0.20162702464659205,tox-dev/tox,check,test 3.13 on macos-15,Run test suite,runtime.exit_code,ollama,0.81,False,feat_fw_junit=1; feat_fw_pytest=1; feat_kw_config_fail=1; feat_config_no_compile=1; feat_step_is_test=1; feat_primary_is_runtime=1; feat_config_missing_file=1; feat_first_error_after_tests_started=1; feat_error_in_test_step=1; feat_has_compile_task=1,it config --local --name-only --get-regexp ^includeIf\.gitdir: includeif.gitdir:/Users/runner/work/tox/tox/.git.path includeif.gitdir:/Users/runner/work/tox/tox/.git/worktrees/*.path includeif.gitdir:/github/workspace/.git.path includeif.gitdir:/github/workspace/.git/worktrees/*.path [command]/opt/homebrew/bin/git config --local --get-all includeif.gitdir:/Users/runner/work/tox/tox/.git.path /Users/runner/work/_temp/git-credentials-33ea53cb-08bc-4f39-a8c0-0cd11abb5777.config [command]/opt/homebrew/bin/git config --local --unset includeif.gitdir:/Users/runner/work/tox/tox/.git.path /Users/runne,0.29382333226428803,0.4954503569108801,0.0036550115030878436,0.012088449147399765,0.19498285017434436
configuration,compilation,compilation,False,0.5801484104035699,0.2274261175454892,psf/black,test,"test (3.13, windows-latest)",Unit tests,compile.syntax,ollama,0.81,False,feat_kw_config_fail=1; feat_config_no_compile=1; feat_primary_is_compile=1; feat_config_auth_permission=1; feat_first_error_before_tests=1; feat_error_in_setup_step=1; feat_has_dependency_install=1; feat_config_strong_only=1,ï»¿Current runner version: '2.333.1' Hosted Compute Agent Version: 20260213.493 Commit: <SHA> Build Date: Worker ID: {fbadb0e9-ecb5-4937-a0b5-15d3fffa6614} Azure Region: northcentralus Microsoft Windows Server 2025 10.0.26100 Datacenter Image: windows-2025 Version: 20260405.77.1 Included Software: <url:github.com> Image Release: <url:github.com> Contents: read Metadata: read Secret source: None Prepare workflow directory Prepare all required actions Getting action download info Download action repository 'actions/checkout@<SHA>' (SHA:<SHA>) Download action repository 'actions/setup-python@<SHA,0.5801484104035699,0.3527222928580807,0.0001528392370225052,0.03092767960383567,0.03604877789749139
configuration,compilation,compilation,False,0.5801484104035699,0.2274261175454892,psf/black,test,"test (3.12.10, windows-11-arm)",Unit tests,compile.syntax,ollama,0.81,False,feat_kw_config_fail=1; feat_config_no_compile=1; feat_primary_is_compile=1; feat_config_auth_permission=1; feat_first_error_before_tests=1; feat_error_in_setup_step=1; feat_has_dependency_install=1; feat_config_strong_only=1,ï»¿Current runner version: '2.333.0' Hosted Compute Agent Version: 20260213.493 Commit: <SHA> Build Date: Worker ID: {1641ae1b-ee9b-4cf8-8a1c-a301ad3ec33d} Azure Region: northcentralus - OS: Windows (Arm64) - Source: Partner - Name: Microsoft Windows 11 Desktop by Arm Limited - Version: 20260318.50.1 - Included Software: <url:github.com> Contents: read Metadata: read Secret source: None Prepare workflow directory Prepare all required actions Getting action download info Download action repository 'actions/checkout@<SHA>' (SHA:<SHA>) Download action repository 'actions/setup-python@<SHA>' (SHA:,0.5801484104035699,0.3527222928580807,0.0001528392370225052,0.03092767960383567,0.03604877789749139
compilation,configuration,configuration,False,0.5108963735889769,0.0867106351401602,tox-dev/tox,check,tox env docs on ubuntu-24.04,Install tox@self,runtime.exit_code,ollama,0.81,False,feat_kw_config_fail=1; feat_config_no_compile=1; feat_step_is_setup=1; feat_primary_is_runtime=1; feat_config_missing_file=1; feat_first_error_before_tests=1; feat_error_in_setup_step=1,* [new tag] 3.27.1 -> 3.27.1 * [new tag] 3.28.0 -> 3.28.0 * [new tag] 3.3.0 -> 3.3.0 * [new tag] 3.4.0 -> 3.4.0 * [new tag] 3.5.0 -> 3.5.0 * [new tag] 3.5.1 -> 3.5.1 * [new tag] 3.5.2 -> 3.5.2 * [new tag] 3.5.3 -> 3.5.3 * [new tag] 3.6.0 -> 3.6.0 * [new tag] 3.6.1 -> 3.6.1 * [new tag] 3.7.0 -> 3.7.0 * [new tag] 3.8.0 -> 3.8.0 * [new tag] 3.8.1 -> 3.8.1 * [new tag] 3.8.2 -> 3.8.2 * [new tag] 3.8.3 -> 3.8.3 * [new tag] 3.8.4 -> 3.8.4 * [new tag] 3.8.5 -> 3.8.5 * [new tag] 3.8.6 -> 3.8.6 * [new tag] 3.9.0 -> 3.9.0 * [new tag] 4.0.0 -> 4.0.0 * [new tag] 4.0.0a1 -> 4.0.0a1 * [new tag] 4.0.0a10 -> 4,0.4241857384488167,0.5108963735889769,0.00018558233350377516,0.019575947029945556,0.045156358598757156
configuration,compilation,compilation,False,0.5513166612264826,0.22331911174760527,checkstyle/checkstyle,Check PR Description,Analyze,Do action,runtime.exit_code,ollama,0.95,False,feat_is_java=1; feat_primary_is_runtime=1; feat_first_error_before_tests=1,ï»¿Current runner version: '2.334.0' Hosted Compute Agent Version: 20260213.493 Commit: <SHA> Build Date: Worker ID: {d7da8057-2498-45f7-8dc2-ea5b0435bc15} Azure Region: eastus Ubuntu 24.04.4 LTS Image: ubuntu-24.04 Version: 20260413.86.1 Included Software: <url:github.com> Image Release: <url:github.com> Contents: read Metadata: read Packages: read Secret source: None Prepare workflow directory Prepare all required actions Getting action download info Download action repository 'actions/checkout@v6' (SHA:<SHA>) Complete job name: Analyze with: repository: checkstyle/checkstyle token: *** ssh-,0.5513166612264826,0.3279975494788773,0.0002389049518138468,0.03286963471101677,0.08757724963180934
configuration,compilation,compilation,False,0.6503754848430442,0.3998944659483892,hibernate/hibernate-orm,GH Actions CI reporting,Publish Develocity build scans,Publish Develocity build scans for previous builds,runtime.exit_code,ollama,0.95,False,feat_build_duration=79; feat_fw_gradle=1; feat_is_java=1; feat_kw_compile_fail=1; feat_compile_no_tests=1; feat_step_is_compile=1; feat_primary_is_runtime=1; feat_compile_build_task=1; feat_first_error_before_tests=1; feat_error_in_compile_step=1; feat_has_compile_task=1; feat_compile_over_config_guard=1,-local --name-only --get-regexp ^includeIf\.gitdir: includeif.gitdir:/home/runner/work/hibernate-orm/hibernate-orm/.git.path includeif.gitdir:/home/runner/work/hibernate-orm/hibernate-orm/.git/worktrees/*.path includeif.gitdir:/github/workspace/.git.path includeif.gitdir:/github/workspace/.git/worktrees/*.path [command]/usr/bin/git config --local --get-all includeif.gitdir:/home/runner/work/hibernate-orm/hibernate-orm/.git.path /home/runner/work/_temp/git-credentials-3c70936a-538c-4dcb-b57f-a44d713bb5d6.config [command]/usr/bin/git config --local --unset includeif.gitdir:/home/runner/work/hibe,0.6503754848430442,0.250481018894655,6.283008096310865e-05,0.013204101495921852,0.08587656468541573
configuration,compilation,compilation,False,0.5513166612264826,0.22331911174760527,checkstyle/checkstyle,Check PR Description,Analyze,Do action,runtime.exit_code,ollama,0.95,False,feat_is_java=1; feat_primary_is_runtime=1; feat_first_error_before_tests=1,ï»¿Current runner version: '2.333.1' Hosted Compute Agent Version: 20260213.493 Commit: <SHA> Build Date: Worker ID: {6e6e8952-670b-46a9-aa97-358565376d9b} Azure Region: eastus Ubuntu 24.04.4 LTS Image: ubuntu-24.04 Version: 20260329.72.1 Included Software: <url:github.com> Image Release: <url:github.com> Contents: read Metadata: read Packages: read Secret source: None Prepare workflow directory Prepare all required actions Getting action download info Download action repository 'actions/checkout@v6' (SHA:<SHA>) Complete job name: Analyze with: repository: checkstyle/checkstyle token: *** ssh-,0.5513166612264826,0.3279975494788773,0.0002389049518138468,0.03286963471101677,0.08757724963180934
configuration,compilation,compilation,False,0.5066524268068551,0.09379588603184924,pypa/virtualenv,🧪 check,🧪 test 3.14 - windows-2025,🛠️ Install OS dependencies,runtime.exit_code,ollama,0.95,False,feat_step_is_setup=1; feat_primary_is_runtime=1; feat_first_error_before_tests=1; feat_error_in_setup_step=1,ï»¿Current runner version: '2.331.0' Hosted Compute Agent Version: 20260213.493 Commit: <SHA> Build Date: Worker ID: {280a29f3-dc84-4838-a4be-5d29dddab844} Azure Region: eastus2 Microsoft Windows Server 2025 10.0.26100 Datacenter Image: windows-2025 Version: 20260217.31.1 Included Software: <url:github.com> Image Release: <url:github.com> Contents: read Metadata: read Secret source: None Prepare workflow directory Prepare all required actions Getting action download info Download action repository 'astral-sh/setup-uv@v4' (SHA:<SHA>) Download action repository 'actions/checkout@v4' (SHA:<SHA>) ,0.5066524268068551,0.41285654077500583,0.00020864883971992142,0.02874331595661239,0.051539067621806774
configuration,compilation,compilation,False,0.5513166612264826,0.22331911174760527,checkstyle/checkstyle,Check PR Description,Analyze,Do action,runtime.exit_code,ollama,0.95,False,feat_is_java=1; feat_primary_is_runtime=1; feat_first_error_before_tests=1,ï»¿Current runner version: '2.333.1' Hosted Compute Agent Version: 20260213.493 Commit: <SHA> Build Date: Worker ID: {c285241e-ebce-4110-b51d-b384052e3f64} Azure Region: eastus Ubuntu 24.04.4 LTS Image: ubuntu-24.04 Version: 20260413.86.1 Included Software: <url:github.com> Image Release: <url:github.com> Contents: read Metadata: read Packages: read Secret source: None Prepare workflow directory Prepare all required actions Getting action download info Download action repository 'actions/checkout@v6' (SHA:<SHA>) Complete job name: Analyze with: repository: checkstyle/checkstyle token: *** ssh-,0.5513166612264826,0.3279975494788773,0.0002389049518138468,0.03286963471101677,0.08757724963180934
configuration,compilation,compilation,False,0.7735259989147643,0.5919295663706066,pypa/virtualenv,🧪 check,🧪 test 3.14t - windows-2025,🏗️ Setup test suite,runtime.exit_code,ollama,0.95,False,feat_step_is_test=1; feat_step_is_setup=1; feat_primary_is_runtime=1; feat_first_error_before_tests=1; feat_error_in_setup_step=1; feat_error_in_test_step=1,ï»¿Current runner version: '2.331.0' Hosted Compute Agent Version: 20260123.484 Commit: <SHA> Build Date: Worker ID: {ea44039e-7bd7-418b-84d8-8c0771192bc8} Azure Region: northcentralus Microsoft Windows Server 2025 10.0.26100 Datacenter Image: windows-2025 Version: 20260209.23.1 Included Software: <url:github.com> Image Release: <url:github.com> Contents: read Metadata: read Secret source: Actions Prepare workflow directory Prepare all required actions Getting action download info Download action repository 'astral-sh/setup-uv@v4' (SHA:<SHA>) Download action repository 'actions/checkout@v4' (S,0.7735259989147643,0.18159643254415764,0.0004439237919030149,0.010965037118332903,0.03346860763084238
configuration,compilation,compilation,False,0.5513166612264826,0.22331911174760527,fabric8io/kubernetes-client,E2E CRC-OKD Tests,CRC 2.32.0 / OKD v4.14.0,Start CRC,runtime.exit_code,ollama,0.95,False,feat_is_java=1; feat_primary_is_runtime=1; feat_first_error_before_tests=1,..... .......... .......... .......... .......... 85% 203M 0s 28000K .......... .......... .......... .......... .......... 85% 175M 0s 28050K .......... .......... .......... .......... .......... 85% 237M 0s 28100K .......... .......... .......... .......... .......... 85% 228M 0s 28150K .......... .......... .......... .......... .......... 85% 195M 0s 28200K .......... .......... .......... .......... .......... 85% 192M 0s 28250K .......... .......... .......... .......... .......... 85% 234M 0s 28300K .......... .......... .......... .......... .......... 86% 240M 0s 28350K .......... ..,0.5513166612264826,0.3279975494788773,0.0002389049518138468,0.03286963471101677,0.08757724963180934
configuration,compilation,compilation,False,0.5513166612264826,0.22331911174760527,checkstyle/checkstyle,Check PR Description,Analyze,Do action,runtime.exit_code,ollama,0.95,False,feat_is_java=1; feat_primary_is_runtime=1; feat_first_error_before_tests=1,ï»¿Current runner version: '2.334.0' Hosted Compute Agent Version: 20260213.493 Commit: <SHA> Build Date: Worker ID: {faad7460-f4ba-421a-a1c1-6ecfcc449e1e} Azure Region: eastus Ubuntu 24.04.4 LTS Image: ubuntu-24.04 Version: 20260413.86.1 Included Software: <url:github.com> Image Release: <url:github.com> Contents: read Metadata: read Packages: read Secret source: None Prepare workflow directory Prepare all required actions Getting action download info Download action repository 'actions/checkout@v6' (SHA:<SHA>) Complete job name: Analyze with: repository: checkstyle/checkstyle token: *** ssh-,0.5513166612264826,0.3279975494788773,0.0002389049518138468,0.03286963471101677,0.08757724963180934
compilation,configuration,configuration,False,0.7363335926211393,0.5042939201486927,pydantic/pydantic,Third party tests,Test FastAPI (main branch) on Python 3.9,Install FastAPI dependencies,runtime.exit_code,ollama,0.855,False,feat_kw_config_fail=1; feat_config_no_compile=1; feat_step_is_setup=1; feat_primary_is_runtime=1; feat_config_missing_file=1; feat_first_error_before_tests=1; feat_error_in_setup_step=1; feat_has_dependency_install=1,"ic' [command]/usr/bin/git version git version 2.53.0 Temporarily overriding HOME='/home/runner/work/_temp/87167066-b22a-400c-9bfa-f2f0ed54db7f' before making global git config changes Adding repository directory to the temporary git global config as a safe directory [command]/usr/bin/git config --global --add safe.directory /home/runner/work/pydantic/pydantic Deleting the contents of '/home/runner/work/pydantic/pydantic' [command]/usr/bin/git init /home/runner/work/pydantic/pydantic hint: Using 'master' as the name for the initial branch. This default branch name hint: will change to ""main"" in",0.23203967247244656,0.7363335926211393,0.0001145672784818954,0.01575979240772157,0.0157523752202105
compilation,configuration,configuration,False,0.5108963735889769,0.0867106351401602,tox-dev/tox,check,test 3.13 on ubuntu-24.04,Install tox@self,runtime.exit_code,ollama,0.81,False,feat_kw_config_fail=1; feat_config_no_compile=1; feat_step_is_setup=1; feat_primary_is_runtime=1; feat_config_missing_file=1; feat_first_error_before_tests=1; feat_error_in_setup_step=1,* [new tag] 3.27.1 -> 3.27.1 * [new tag] 3.28.0 -> 3.28.0 * [new tag] 3.3.0 -> 3.3.0 * [new tag] 3.4.0 -> 3.4.0 * [new tag] 3.5.0 -> 3.5.0 * [new tag] 3.5.1 -> 3.5.1 * [new tag] 3.5.2 -> 3.5.2 * [new tag] 3.5.3 -> 3.5.3 * [new tag] 3.6.0 -> 3.6.0 * [new tag] 3.6.1 -> 3.6.1 * [new tag] 3.7.0 -> 3.7.0 * [new tag] 3.8.0 -> 3.8.0 * [new tag] 3.8.1 -> 3.8.1 * [new tag] 3.8.2 -> 3.8.2 * [new tag] 3.8.3 -> 3.8.3 * [new tag] 3.8.4 -> 3.8.4 * [new tag] 3.8.5 -> 3.8.5 * [new tag] 3.8.6 -> 3.8.6 * [new tag] 3.9.0 -> 3.9.0 * [new tag] 4.0.0 -> 4.0.0 * [new tag] 4.0.0a1 -> 4.0.0a1 * [new tag] 4.0.0a10 -> 4,0.4241857384488167,0.5108963735889769,0.00018558233350377516,0.019575947029945556,0.045156358598757156
configuration,compilation,compilation,False,0.7120414269000241,0.46496837833578464,tox-dev/tox,check,test 3.14 on ubuntu-24.04,Setup test suite,runtime.exit_code,ollama,0.9,False,feat_kw_config_fail=1; feat_config_no_compile=1; feat_step_is_test=1; feat_step_is_setup=1; feat_primary_is_runtime=1; feat_config_missing_file=1; feat_first_error_before_tests=1; feat_error_in_setup_step=1; feat_error_in_test_step=1,-> 3.8.5 * [new tag] 3.8.6 -> 3.8.6 * [new tag] 3.9.0 -> 3.9.0 * [new tag] 4.0.0 -> 4.0.0 * [new tag] 4.0.0a1 -> 4.0.0a1 * [new tag] 4.0.0a10 -> 4.0.0a10 * [new tag] 4.0.0a2 -> 4.0.0a2 * [new tag] 4.0.0a3 -> 4.0.0a3 * [new tag] 4.0.0a4 -> 4.0.0a4 * [new tag] 4.0.0a5 -> 4.0.0a5 * [new tag] 4.0.0a6 -> 4.0.0a6 * [new tag] 4.0.0a7 -> 4.0.0a7 * [new tag] 4.0.0a8 -> 4.0.0a8 * [new tag] 4.0.0a9 -> 4.0.0a9 * [new tag] 4.0.0b1 -> 4.0.0b1 * [new tag] 4.0.0b2 -> 4.0.0b2 * [new tag] 4.0.0b3 -> 4.0.0b3 * [new tag] 4.0.0rc1 -> 4.0.0rc1 * [new tag] 4.0.0rc2 -> 4.0.0rc2 * [new tag] 4.0.0rc3 -> 4.0.0rc3 * [new,0.7120414269000241,0.24707304856423948,0.0004341236936261335,0.00821070463102483,0.03224069621108521
configuration,compilation,compilation,False,0.5788588608776064,0.3332454133027914,hibernate/hibernate-orm,GH Actions CI reporting,Publish Sonar scan,Sonar Analysis,runtime.exit_code,ollama,0.9,False,feat_fw_gradle=1; feat_is_java=1; feat_primary_is_runtime=1; feat_first_error_before_tests=1,] 6.2.37 -> 6.2.37 * [new tag] 6.2.38 -> 6.2.38 * [new tag] 6.2.39 -> 6.2.39 * [new tag] 6.2.4 -> 6.2.4 * [new tag] 6.2.40 -> 6.2.40 * [new tag] 6.2.41 -> 6.2.41 * [new tag] 6.2.42 -> 6.2.42 * [new tag] 6.2.43 -> 6.2.43 * [new tag] 6.2.44 -> 6.2.44 * [new tag] 6.2.45 -> 6.2.45 * [new tag] 6.2.46 -> 6.2.46 * [new tag] 6.2.47 -> 6.2.47 * [new tag] 6.2.48 -> 6.2.48 * [new tag] 6.2.49 -> 6.2.49 * [new tag] 6.2.5 -> 6.2.5 * [new tag] 6.2.50 -> 6.2.50 * [new tag] 6.2.6 -> 6.2.6 * [new tag] 6.2.7 -> 6.2.7 * [new tag] 6.2.8 -> 6.2.8 * [new tag] 6.2.9 -> 6.2.9 * [new tag] 6.3.0 -> 6.3.0 * [new tag] 6.3,0.5788588608776064,0.245613447574815,0.0002508399582144533,0.08332449366880904,0.09195235792055506
configuration,compilation,compilation,False,0.5801484104035699,0.2274261175454892,psf/black,test,"test (3.12.10, windows-latest)",Unit tests,compile.syntax,ollama,0.81,False,feat_kw_config_fail=1; feat_config_no_compile=1; feat_primary_is_compile=1; feat_config_auth_permission=1; feat_first_error_before_tests=1; feat_error_in_setup_step=1; feat_has_dependency_install=1; feat_config_strong_only=1,ï»¿Current runner version: '2.333.0' Hosted Compute Agent Version: 20260213.493 Commit: <SHA> Build Date: Worker ID: {85b1916d-f7f3-44c3-938e-53d9e5ca16e9} Azure Region: centralus Microsoft Windows Server 2025 10.0.26100 Datacenter Image: windows-2025 Version: 20260317.61.1 Included Software: <url:github.com> Image Release: <url:github.com> Contents: read Metadata: read Secret source: None Prepare workflow directory Prepare all required actions Getting action download info Download action repository 'actions/checkout@<SHA>' (SHA:<SHA>) Download action repository 'actions/setup-python@<SHA>' (S,0.5801484104035699,0.3527222928580807,0.0001528392370225052,0.03092767960383567,0.03604877789749139
configuration,compilation,compilation,False,0.4343184815803638,0.15147101405893748,sqlalchemy/sqlalchemy,Run tests,test-3.11-windows-latest-x86-cext-greenlet,Run tests,runtime.exit_code,ollama,0.95,False,feat_primary_is_runtime=1; feat_first_error_before_tests=1; feat_has_dependency_install=1,ï»¿Current runner version: '2.331.0' Hosted Compute Agent Version: 20260213.493 Commit: <SHA> Build Date: Worker ID: {881c98bf-ddb6-474e-954e-a325aeeec216} Azure Region: northcentralus Microsoft Windows Server 2025 10.0.26100 Datacenter Image: windows-2025 Version: 20260217.31.1 Included Software: <url:github.com> Image Release: <url:github.com> Contents: read Metadata: read Secret source: Actions Prepare workflow directory Prepare all required actions Getting action download info Download action repository 'actions/checkout@v4' (SHA:<SHA>) Download action repository 'actions/setup-python@v5' ,0.4343184815803638,0.24071271267159447,0.00023307381832696146,0.0418882644082886,0.2828474675214263
compilation,configuration,configuration,False,0.8896489236936808,0.7933681920492835,google/guava,CI,android/pom.xml on JDK 21 on ubuntu-latest,Install,runtime.exit_code,ollama,0.855,False,feat_fw_junit=1; feat_fw_gradle=1; feat_is_java=1; feat_kw_config_fail=1; feat_config_no_compile=1; feat_step_is_setup=1; feat_primary_is_runtime=1; feat_config_missing_file=1; feat_first_error_before_tests=1; feat_error_in_setup_step=1,ï»¿Current runner version: '2.333.1' Hosted Compute Agent Version: 20260213.493 Commit: <SHA> Build Date: Worker ID: {378fac56-7f79-425a-be24-beac7321e993} Azure Region: northcentralus Ubuntu 24.04.4 LTS Image: ubuntu-24.04 Version: 20260413.86.1 Included Software: <url:github.com> Image Release: <url:github.com> Actions: write Contents: read Metadata: read Secret source: Actions Prepare workflow directory Prepare all required actions Getting action download info Download action repository 'styfle/cancel-workflow-action@<SHA>' (SHA:<SHA>) Download action repository 'actions/checkout@<SHA>' (SH,0.09628073164439721,0.8896489236936808,8.101922303351221e-05,0.008416994210992113,0.005572331227896301
configuration,compilation,compilation,False,0.5637857290767716,0.209421947942661,astral-sh/ruff,CI,check playground,Install Node dependencies,runtime.exit_code,ollama,0.9,False,feat_step_is_setup=1; feat_primary_is_runtime=1; feat_first_error_before_tests=1; feat_error_in_setup_step=1; feat_has_dependency_install=1,ï»¿Current runner version: '2.333.1' Hosted Compute Agent Version: 20260213.493 Commit: <SHA> Build Date: Worker ID: {3d9f0b65-fbd8-4c65-89a5-4d8444880af5} Azure Region: westcentralus Ubuntu 24.04.4 LTS Image: ubuntu-24.04 Version: 20260406.80.1 Included Software: <url:github.com> Image Release: <url:github.com> Metadata: read Secret source: Actions Prepare workflow directory Prepare all required actions Getting action download info Download action repository 'actions/checkout@<SHA>' (SHA:<SHA>) Download action repository 'Swatinem/rust-cache@<SHA>' (SHA:<SHA>) Download action repository 'acti,0.5637857290767716,0.3543637811341106,0.0002555997774416076,0.04591822714956212,0.03567666286211413
configuration,compilation,compilation,False,0.4778283322646457,0.1310854663458011,assertj/assertj-core,CI,Java 25 (windows-latest),Test,runtime.exit_code,ollama,0.95,False,feat_fw_junit=1; feat_fw_gradle=1; feat_is_java=1; feat_step_is_test=1; feat_primary_is_runtime=1; feat_first_error_before_tests=1; feat_error_in_test_step=1,ï»¿Current runner version: '2.331.0' Hosted Compute Agent Version: 20260213.493 Commit: <SHA> Build Date: Worker ID: {a1e684b5-c116-4818-b9ce-7dfd2d889a60} Azure Region: eastus2 Microsoft Windows Server 2025 10.0.26100 Datacenter Image: windows-2025 Version: 20260217.31.1 Included Software: <url:github.com> Image Release: <url:github.com> Metadata: read Secret source: Actions Prepare workflow directory Prepare all required actions Getting action download info Download action repository 'actions/checkout@<SHA>' (SHA:<SHA>) Download action repository 'actions/setup-java@<SHA>' (SHA:<SHA>) Downlo,0.4778283322646457,0.3467428659188446,0.0021789467349340227,0.07684299408857778,0.09640686099299774
configuration,compilation,compilation,False,0.8380932138276868,0.7692809623577471,quarkusio/quarkus,Quarkus Documentation CI,Documentation Build,Build,runtime.exit_code,ollama,0.85,False,feat_fw_junit=1; feat_fw_gradle=1; feat_is_java=1; feat_step_is_compile=1; feat_primary_is_runtime=1; feat_first_error_after_tests_started=1; feat_error_in_compile_step=1; feat_error_in_test_step=1; feat_has_compile_task=1,[jar] [INFO] Quarkus - JDBC - PostgreSQL [pom] [INFO] Quarkus - JDBC - PostgreSQL - Runtime [jar] [INFO] Quarkus - Flyway - PostgreSQL - Deployment [jar] [INFO] Quarkus - JDBC - PostgreSQL - Deployment [jar] [INFO] Quarkus - Flyway - DB2 [pom] [INFO] Quarkus - Flyway - DB2 - Runtime [jar] [INFO] Quarkus - JDBC - DB2 [pom] [INFO] Quarkus - JDBC - DB2 - Runtime [jar] [INFO] Quarkus - Flyway - DB2 - Deployment [jar] [INFO] Quarkus - JDBC - DB2 - Deployment [jar] [INFO] Quarkus - JDBC - MariaDB [pom] [INFO] Quarkus - JDBC - MariaDB - Runtime [jar] [INFO] Quarkus - JDBC - MariaDB - Deployment [jar],0.8380932138276868,0.06881225146993966,0.0005023939176609469,0.029039923096492597,0.06355221768822011
compilation,configuration,configuration,False,0.980762824061054,0.9640116820030745,python/mypy,Tests,"Parallel tests with py314-ubuntu, mypyc-compiled",Test,config.env_missing_invalid,ollama,0.81,False,feat_fw_pytest=1; feat_kw_test_assert=1; feat_kw_config_fail=1; feat_config_no_compile=1; feat_step_is_test=1; feat_primary_is_config=1; feat_config_lint_format=1; feat_first_error_after_tests_started=1; feat_error_in_setup_step=1; feat_error_in_lint_step=1; feat_error_in_test_step=1; feat_has_dependency_install=1; feat_config_strong_only=1,"Python3_ROOT_DIR: /opt/hostedtoolcache/Python/3.14.4/arm64 LD_LIBRARY_PATH: /opt/hostedtoolcache/Python/3.14.4/arm64/lib py: install_deps> python -I -m pip install 'orjson; python_version == ""3.12""' -r test-requirements.txt .pkg: install_requires> python -I -m pip install 'librt>=0.9.0; platform_python_implementation != ""PyPy""' 'mypy_extensions>=1.0.0' 'pathspec>=1.0.0' 'setuptools>=77.0.3' 'tomli>=1.1.0; python_version < ""3.11""' types-psutil types-setuptools 'typing_extensions>=4.6.0' .pkg: _optional_hooks> python /opt/hostedtoolcache/Python/3.14.4/arm64/lib/python3.14/site-packages/pyproject",0.0020880764909245965,0.980762824061054,7.039575656934362e-05,0.00032756163347261603,0.016751142057979486
compilation,configuration,configuration,False,0.9547590884366587,0.9204079412552765,fabric8io/kubernetes-client,Windows Build,Java 17 Maven,Build Project,dep.not_found,ollama,0.855,False,feat_is_java=1; feat_step_is_compile=1; feat_primary_is_config=1; feat_error_in_compile_step=1,Downloaded from central: <url:repo.maven.apache.org> (748 B at 27 kB/s) Downloading from central: <url:repo.maven.apache.org> Progress (1): 1.2 kB Progress (1): 3.8 kB Downloaded from central: <url:repo.maven.apache.org> (3.8 kB at 139 kB/s) Downloading from central: <url:repo.maven.apache.org> Progress (1): 703 B Progress (1): 2.5 kB Progress (1): 6.2 kB Progress (1): 8.8 kB Progress (1): 11 kB Progress (1): 15 kB Progress (1): 20 kB Progress (1): 22 kB Downloaded from central: <url:repo.maven.apache.org> (22 kB at 615 kB/s) Downloading from central: <url:repo.maven.apache.org> Progress (1): ,0.008584646484834126,0.9547590884366587,4.2157191904266725e-05,0.034351147181382186,0.0022629607052205374
configuration,compilation,compilation,False,0.7930926591282302,0.6475272474721359,hibernate/hibernate-orm,GH Actions CI,Prepare build bundle for Sonar scanner,Merge Jacoco Reports,runtime.exit_code,ollama,0.95,False,feat_fw_junit=1; feat_fw_gradle=1; feat_is_java=1; feat_primary_is_runtime=1; feat_first_error_before_tests=1; feat_has_compile_task=1,sources > Task :hibernate-gradle-plugin:classes > Task :hibernate-hikaricp:spotlessJava > Task :hibernate-hikaricp:spotlessJavaApply > Task :hibernate-hikaricp:compileJava Note: /home/runner/work/hibernate-orm/hibernate-orm/hibernate-hikaricp/src/main/java/org/hibernate/hikaricp/internal/HikariConfigurationUtil.java uses or overrides a deprecated API. Note: Recompile with -Xlint:deprecation for details. > Task :hibernate-hikaricp:processResources > Task :hibernate-hikaricp:classes > Task :hibernate-scan-jandex:spotlessJava > Task :hibernate-scan-jandex:spotlessJavaApply Note: /home/runner/work,0.7930926591282302,0.14556541165609432,9.080095494126358e-05,0.004386648912018714,0.05686447934871553
configuration,compilation,compilation,False,0.5513166612264826,0.22331911174760527,checkstyle/checkstyle,Check PR Description,Analyze,Do action,runtime.exit_code,ollama,0.95,False,feat_is_java=1; feat_primary_is_runtime=1; feat_first_error_before_tests=1,ï»¿Current runner version: '2.334.0' Hosted Compute Agent Version: 20260213.493 Commit: <SHA> Build Date: Worker ID: {c931ced3-2c96-4131-a77f-9612b9240b99} Azure Region: northcentralus Ubuntu 24.04.4 LTS Image: ubuntu-24.04 Version: 20260413.86.1 Included Software: <url:github.com> Image Release: <url:github.com> Contents: read Metadata: read Packages: read Secret source: None Prepare workflow directory Prepare all required actions Getting action download info Download action repository 'actions/checkout@v6' (SHA:<SHA>) Complete job name: Analyze with: repository: checkstyle/checkstyle token: ,0.5513166612264826,0.3279975494788773,0.0002389049518138468,0.03286963471101677,0.08757724963180934
configuration,compilation,compilation,False,0.5513166612264826,0.22331911174760527,checkstyle/checkstyle,Check PR Description,Analyze,Do action,runtime.exit_code,ollama,0.95,False,feat_is_java=1; feat_primary_is_runtime=1; feat_first_error_before_tests=1,ï»¿Current runner version: '2.333.1' Hosted Compute Agent Version: 20260213.493 Commit: <SHA> Build Date: Worker ID: {1214635a-b2a1-419c-b088-ae88d72e2b88} Azure Region: eastus2 Ubuntu 24.04.4 LTS Image: ubuntu-24.04 Version: 20260329.72.1 Included Software: <url:github.com> Image Release: <url:github.com> Contents: read Metadata: read Packages: read Secret source: None Prepare workflow directory Prepare all required actions Getting action download info Download action repository 'actions/checkout@v6' (SHA:<SHA>) Complete job name: Analyze with: repository: checkstyle/checkstyle token: *** ssh,0.5513166612264826,0.3279975494788773,0.0002389049518138468,0.03286963471101677,0.08757724963180934
configuration,compilation,compilation,False,0.5110597225097439,0.043833315884540924,wtforms/wtforms,Tests,py3.14 pallets-eco/wtforms-sqlalchemy downstream,Install downstream test environment,runtime.exit_code,ollama,0.95,False,feat_kw_config_fail=1; feat_config_no_compile=1; feat_step_is_test=1; feat_step_is_setup=1; feat_primary_is_runtime=1; feat_config_missing_file=1; feat_first_error_before_tests=1; feat_error_in_setup_step=1; feat_error_in_test_step=1; feat_has_dependency_install=1,"-global --add safe.directory /home/runner/work/wtforms/wtforms/wtforms [command]/usr/bin/git init /home/runner/work/wtforms/wtforms/wtforms hint: Using 'master' as the name for the initial branch. This default branch name hint: will change to ""main"" in Git 3.0. To configure the initial branch name hint: to use in all of your new repositories, which will suppress this warning, hint: call: hint: hint: git config --global init.defaultBranch <name> hint: hint: Names commonly chosen instead of 'master' are 'main', 'trunk' and hint: 'development'. The just-created branch can be renamed via this comm",0.5110597225097439,0.46722640662520293,0.00035163951070901566,0.007816670344915266,0.0135455610094289
configuration,compilation,compilation,False,0.4343184815803638,0.15147101405893748,sqlalchemy/sqlalchemy,Run tests,test-3.11-windows-latest-x86-cext-greenlet,Run tests,runtime.exit_code,ollama,0.95,False,feat_primary_is_runtime=1; feat_first_error_before_tests=1; feat_has_dependency_install=1,ï»¿Current runner version: '2.332.0' Hosted Compute Agent Version: 20260213.493 Commit: <SHA> Build Date: Worker ID: {8237bbe6-ae2b-4d28-b963-a70ed6b1f43f} Azure Region: westus Microsoft Windows Server 2025 10.0.26100 Datacenter Image: windows-2025 Version: 20260302.43.1 Included Software: <url:github.com> Image Release: <url:github.com> Contents: read Metadata: read Secret source: Actions Prepare workflow directory Prepare all required actions Getting action download info Download action repository 'actions/checkout@v4' (SHA:<SHA>) Download action repository 'actions/setup-python@v5' (SHA:<SH,0.4343184815803638,0.24071271267159447,0.00023307381832696146,0.0418882644082886,0.2828474675214263
configuration,compilation,compilation,False,0.5513166612264826,0.22331911174760527,checkstyle/checkstyle,Check PR Description,Analyze,Do action,runtime.exit_code,ollama,0.95,False,feat_is_java=1; feat_primary_is_runtime=1; feat_first_error_before_tests=1,ï»¿Current runner version: '2.333.1' Hosted Compute Agent Version: 20260213.493 Commit: <SHA> Build Date: Worker ID: {804e8bf9-53fc-40c2-abb0-0d1b30492ee6} Azure Region: eastus Ubuntu 24.04.4 LTS Image: ubuntu-24.04 Version: 20260406.80.1 Included Software: <url:github.com> Image Release: <url:github.com> Contents: read Metadata: read Packages: read Secret source: None Prepare workflow directory Prepare all required actions Getting action download info Download action repository 'actions/checkout@v6' (SHA:<SHA>) Complete job name: Analyze with: repository: checkstyle/checkstyle token: *** ssh-,0.5513166612264826,0.3279975494788773,0.0002389049518138468,0.03286963471101677,0.08757724963180934
configuration,compilation,compilation,False,0.5637857290767716,0.209421947942661,pypa/pipenv,CI,Windows / 3.13,Install dependencies,runtime.exit_code,ollama,0.9,False,feat_step_is_setup=1; feat_primary_is_runtime=1; feat_first_error_before_tests=1; feat_error_in_setup_step=1; feat_has_dependency_install=1,"Resolved as '3.13.12' Successfully set up CPython (3.13.12) echo ""path=$(python -c 'import sys; print(sys.executable)')"" >> $GITHUB_OUTPUT shell: C:\Program Files\PowerShell\7\pwsh.EXE -command "". '{0}'"" env: pythonLocation: C:\hostedtoolcache\windows\Python\3.13.12\x64 PKG_CONFIG_PATH: C:\hostedtoolcache\windows\Python\3.13.12\x64/lib/pkgconfig Python_ROOT_DIR: C:\hostedtoolcache\windows\Python\3.13.12\x64 Python2_ROOT_DIR: C:\hostedtoolcache\windows\Python\3.13.12\x64 Python3_ROOT_DIR: C:\hostedtoolcache\windows\Python\3.13.12\x64 python -m pip install --upgrade pip setuptools wheel shell: C",0.5637857290767716,0.3543637811341106,0.0002555997774416076,0.04591822714956212,0.03567666286211413
configuration,compilation,compilation,False,0.5788588608776064,0.3332454133027914,square/okhttp,build,maven,Publish local snapshot,runtime.exit_code,ollama,0.9,False,feat_fw_gradle=1; feat_is_java=1; feat_primary_is_runtime=1; feat_first_error_before_tests=1,ï»¿Current runner version: '2.333.1' Hosted Compute Agent Version: 20260213.493 Commit: <SHA> Build Date: Worker ID: {a9ce7b74-e71a-4f3b-a91b-329138102481} Azure Region: westcentralus Ubuntu 24.04.4 LTS Image: ubuntu-24.04 Version: 20260406.80.1 Included Software: <url:github.com> Image Release: <url:github.com> Contents: read Metadata: read Secret source: None Prepare workflow directory Prepare all required actions Getting action download info Download action repository 'actions/checkout@v6' (SHA:<SHA>) Download action repository 'actions/setup-java@v5' (SHA:<SHA>) Download action repository ,0.5788588608776064,0.245613447574815,0.0002508399582144533,0.08332449366880904,0.09195235792055506
configuration,compilation,compilation,False,0.4343184815803638,0.15147101405893748,sqlalchemy/sqlalchemy,Run tests,test-3.11-windows-latest-x86-cext-greenlet,Run tests,runtime.exit_code,ollama,0.95,False,feat_primary_is_runtime=1; feat_first_error_before_tests=1; feat_has_dependency_install=1,ï»¿Current runner version: '2.332.0' Hosted Compute Agent Version: 20260213.493 Commit: <SHA> Build Date: Worker ID: {e981ebe5-489a-48ad-89d1-046f68081e75} Azure Region: westus Microsoft Windows Server 2025 10.0.26100 Datacenter Image: windows-2025 Version: 20260317.61.1 Included Software: <url:github.com> Image Release: <url:github.com> Contents: read Metadata: read Secret source: Actions Prepare workflow directory Prepare all required actions Getting action download info Download action repository 'actions/checkout@v4' (SHA:<SHA>) Download action repository 'actions/setup-python@v5' (SHA:<SH,0.4343184815803638,0.24071271267159447,0.00023307381832696146,0.0418882644082886,0.2828474675214263
configuration,compilation,compilation,False,0.49804722731098633,0.16381431851822786,pypa/setuptools,tests,"test_cygwin (3.14, windows-latest)",Record the currently selected Python version,runtime.command_not_found,rule,0.92,False,feat_kw_config_fail=1; feat_config_no_compile=1; feat_primary_is_runtime=1; feat_config_missing_file=1; feat_first_error_before_tests=1; feat_has_compile_task=1,"Azure Region: eastus Microsoft Windows Server 2025 10.0.26100 Datacenter Image: windows-2025 Version: 20260405.77.1 Included Software: <url:github.com> Image Release: <url:github.com> Contents: read Metadata: read Secret source: Actions Prepare workflow directory Prepare all required actions Getting action download info Download action repository 'actions/checkout@v4' (SHA:<SHA>) Download action repository 'cygwin/cygwin-install-action@v4' (SHA:<SHA>) Download action repository 'codecov/codecov-action@v4' (SHA:<SHA>) Complete job name: test_cygwin (3.14, windows-latest) with: repository: pypa/",0.49804722731098633,0.15539223701957594,0.00010553137360950235,0.012222095503069809,0.33423290879275847
configuration,compilation,compilation,False,0.5513166612264826,0.22331911174760527,apache/kafka,Workflow Requested for KAFKA-19193 Support rack-aware partitioning for Kafka producer,check-pr-labels,Check PR Labels,runtime.exit_code,ollama,0.95,False,feat_is_java=1; feat_primary_is_runtime=1; feat_first_error_before_tests=1,"""labels_url"": ""<url:api.github.com> ""languages_url"": ""<url:api.github.com> ""merges_url"": ""<url:api.github.com> ""milestones_url"": ""<url:api.github.com> ""name"": ""kafka"", ""node_id"": ""MDEwOlJlcG9zaXRvcnkyMjExMjQz"", ""notifications_url"": ""<url:api.github.com> ""owner"": { ""avatar_url"": ""<url:avatars.githubusercontent.com> ""events_url"": ""<url:api.github.com> ""followers_url"": ""<url:api.github.com> ""following_url"": ""<url:api.github.com> ""gists_url"": ""<url:api.github.com> ""gravatar_id"": """", ""html_url"": ""<url:github.com> ""id"": 47359, ""login"": ""apache"", ""node_id"": ""MDEyOk9yZ2FuaXphdGlvbjQ3MzU5"", ""organizati",0.5513166612264826,0.3279975494788773,0.0002389049518138468,0.03286963471101677,0.08757724963180934
configuration,compilation,compilation,False,0.7930926591282302,0.6475272474721359,hibernate/hibernate-orm,GH Actions CI,Prepare build bundle for Sonar scanner,Merge Jacoco Reports,runtime.exit_code,ollama,0.95,False,feat_fw_junit=1; feat_fw_gradle=1; feat_is_java=1; feat_primary_is_runtime=1; feat_first_error_before_tests=1; feat_has_compile_task=1,sources > Task :hibernate-gradle-plugin:classes > Task :hibernate-hikaricp:spotlessJava > Task :hibernate-hikaricp:spotlessJavaApply Note: /home/runner/work/hibernate-orm/hibernate-orm/hibernate-hikaricp/src/main/java/org/hibernate/hikaricp/internal/HikariConfigurationUtil.java uses or overrides a deprecated API. > Task :hibernate-hikaricp:compileJava > Task :hibernate-hikaricp:processResources > Task :hibernate-hikaricp:classes Note: Recompile with -Xlint:deprecation for details. > Task :hibernate-scan-jandex:spotlessJava > Task :hibernate-scan-jandex:spotlessJavaApply Note: /home/runner/work,0.7930926591282302,0.14556541165609432,9.080095494126358e-05,0.004386648912018714,0.05686447934871553
configuration,compilation,compilation,False,0.5801484104035699,0.2274261175454892,psf/black,test,"test (3.13, windows-11-arm)",Unit tests,compile.syntax,ollama,0.855,False,feat_kw_config_fail=1; feat_config_no_compile=1; feat_primary_is_compile=1; feat_config_auth_permission=1; feat_first_error_before_tests=1; feat_error_in_setup_step=1; feat_has_dependency_install=1; feat_config_strong_only=1,ï»¿Current runner version: '2.333.0' Hosted Compute Agent Version: 20260213.493 Commit: <SHA> Build Date: Worker ID: {0a80823c-8a50-4526-a4ca-9fe7997bbeff} Azure Region: eastus2 - OS: Windows (Arm64) - Source: Partner - Name: Microsoft Windows 11 Desktop by Arm Limited - Version: 20260318.50.1 - Included Software: <url:github.com> Contents: read Metadata: read Secret source: None Prepare workflow directory Prepare all required actions Getting action download info Download action repository 'actions/checkout@<SHA>' (SHA:<SHA>) Download action repository 'actions/setup-python@<SHA>' (SHA:<SHA>) ,0.5801484104035699,0.3527222928580807,0.0001528392370225052,0.03092767960383567,0.03604877789749139
configuration,compilation,compilation,False,0.5801484104035699,0.2274261175454892,psf/black,test,"test (3.11, windows-latest)",Unit tests,compile.syntax,ollama,0.81,False,feat_kw_config_fail=1; feat_config_no_compile=1; feat_primary_is_compile=1; feat_config_auth_permission=1; feat_first_error_before_tests=1; feat_error_in_setup_step=1; feat_has_dependency_install=1; feat_config_strong_only=1,ï»¿Current runner version: '2.333.0' Hosted Compute Agent Version: 20260213.493 Commit: <SHA> Build Date: Worker ID: {f94bd7e9-1a46-4599-9ef3-68e6f0e1f9d7} Azure Region: eastus Microsoft Windows Server 2025 10.0.26100 Datacenter Image: windows-2025 Version: 20260317.61.1 Included Software: <url:github.com> Image Release: <url:github.com> Contents: read Metadata: read Secret source: None Prepare workflow directory Prepare all required actions Getting action download info Download action repository 'actions/checkout@<SHA>' (SHA:<SHA>) Download action repository 'actions/setup-python@<SHA>' (SHA:,0.5801484104035699,0.3527222928580807,0.0001528392370225052,0.03092767960383567,0.03604877789749139
configuration,compilation,compilation,False,0.5066524268068551,0.09379588603184924,pypa/virtualenv,🧪 check,🔎 check docs - ubuntu-24.04,🏗️ Setup check suite,runtime.exit_code,ollama,0.8,False,feat_step_is_setup=1; feat_primary_is_runtime=1; feat_first_error_before_tests=1; feat_error_in_setup_step=1,* [new tag] 1.10.1 -> 1.10.1 * [new tag] 1.10rc1 -> 1.10rc1 * [new tag] 1.10rc10 -> 1.10rc10 * [new tag] 1.10rc2 -> 1.10rc2 * [new tag] 1.10rc3 -> 1.10rc3 * [new tag] 1.10rc4 -> 1.10rc4 * [new tag] 1.10rc5 -> 1.10rc5 * [new tag] 1.10rc6 -> 1.10rc6 * [new tag] 1.10rc7 -> 1.10rc7 * [new tag] 1.10rc8 -> 1.10rc8 * [new tag] 1.10rc9 -> 1.10rc9 * [new tag] 1.11 -> 1.11 * [new tag] 1.11.1 -> 1.11.1 * [new tag] 1.11.1rc1 -> 1.11.1rc1 * [new tag] 1.11.1rc2 -> 1.11.1rc2 * [new tag] 1.11.2 -> 1.11.2 * [new tag] 1.11.3 -> 1.11.3 * [new tag] 1.11.4 -> 1.11.4 * [new tag] 1.11.5 -> 1.11.5 * [new tag] 1.11.6 ,0.5066524268068551,0.41285654077500583,0.00020864883971992142,0.02874331595661239,0.051539067621806774
configuration,compilation,compilation,False,0.7735259989147643,0.5919295663706066,pypa/virtualenv,🧪 check,🧪 test 3.13t - windows-2025,🏗️ Setup test suite,runtime.exit_code,ollama,0.95,False,feat_step_is_test=1; feat_step_is_setup=1; feat_primary_is_runtime=1; feat_first_error_before_tests=1; feat_error_in_setup_step=1; feat_error_in_test_step=1,ï»¿Current runner version: '2.331.0' Hosted Compute Agent Version: 20260123.484 Commit: <SHA> Build Date: Worker ID: {19df16a8-fa40-4da6-a6ec-5a24a39f990a} Azure Region: westus Microsoft Windows Server 2025 10.0.26100 Datacenter Image: windows-2025 Version: 20260209.23.1 Included Software: <url:github.com> Image Release: <url:github.com> Contents: read Metadata: read Secret source: Actions Prepare workflow directory Prepare all required actions Getting action download info Download action repository 'astral-sh/setup-uv@v4' (SHA:<SHA>) Download action repository 'actions/checkout@v4' (SHA:<SHA>,0.7735259989147643,0.18159643254415764,0.0004439237919030149,0.010965037118332903,0.03346860763084238
configuration,compilation,compilation,False,0.5801484104035699,0.2274261175454892,psf/black,test,"test (3.14, windows-latest)",Unit tests,compile.syntax,ollama,0.81,False,feat_kw_config_fail=1; feat_config_no_compile=1; feat_primary_is_compile=1; feat_config_auth_permission=1; feat_first_error_before_tests=1; feat_error_in_setup_step=1; feat_has_dependency_install=1; feat_config_strong_only=1,ï»¿Current runner version: '2.333.0' Hosted Compute Agent Version: 20260213.493 Commit: <SHA> Build Date: Worker ID: {2a16183d-8efe-4b1a-bffa-98da11eaae59} Azure Region: westcentralus Microsoft Windows Server 2025 10.0.26100 Datacenter Image: windows-2025 Version: 20260317.61.1 Included Software: <url:github.com> Image Release: <url:github.com> Contents: read Metadata: read Secret source: None Prepare workflow directory Prepare all required actions Getting action download info Download action repository 'actions/checkout@<SHA>' (SHA:<SHA>) Download action repository 'actions/setup-python@<SHA>,0.5801484104035699,0.3527222928580807,0.0001528392370225052,0.03092767960383567,0.03604877789749139
configuration,compilation,compilation,False,0.5513166612264826,0.22331911174760527,apache/kafka,Workflow Requested for Upgrade checkstyle to 13.4.0 and fix Javadoc to prevent parsing errors,check-pr-labels,Check PR Labels,runtime.exit_code,ollama,0.95,False,feat_is_java=1; feat_primary_is_runtime=1; feat_first_error_before_tests=1,"""labels_url"": ""<url:api.github.com> ""languages_url"": ""<url:api.github.com> ""merges_url"": ""<url:api.github.com> ""milestones_url"": ""<url:api.github.com> ""name"": ""kafka"", ""node_id"": ""MDEwOlJlcG9zaXRvcnkyMjExMjQz"", ""notifications_url"": ""<url:api.github.com> ""owner"": { ""avatar_url"": ""<url:avatars.githubusercontent.com> ""events_url"": ""<url:api.github.com> ""followers_url"": ""<url:api.github.com> ""following_url"": ""<url:api.github.com> ""gists_url"": ""<url:api.github.com> ""gravatar_id"": """", ""html_url"": ""<url:github.com> ""id"": 47359, ""login"": ""apache"", ""node_id"": ""MDEyOk9yZ2FuaXphdGlvbjQ3MzU5"", ""organizati",0.5513166612264826,0.3279975494788773,0.0002389049518138468,0.03286963471101677,0.08757724963180934
configuration,compilation,compilation,False,0.5513166612264826,0.22331911174760527,checkstyle/checkstyle,Check PR Description,Analyze,Do action,runtime.exit_code,ollama,0.95,False,feat_is_java=1; feat_primary_is_runtime=1; feat_first_error_before_tests=1,ï»¿Current runner version: '2.333.1' Hosted Compute Agent Version: 20260213.493 Commit: <SHA> Build Date: Worker ID: {7010c594-227c-4064-91b3-946e7d886cb5} Azure Region: eastus2 Ubuntu 24.04.4 LTS Image: ubuntu-24.04 Version: 20260406.80.1 Included Software: <url:github.com> Image Release: <url:github.com> Contents: read Metadata: read Packages: read Secret source: None Prepare workflow directory Prepare all required actions Getting action download info Download action repository 'actions/checkout@v6' (SHA:<SHA>) Complete job name: Analyze with: repository: checkstyle/checkstyle token: *** ssh,0.5513166612264826,0.3279975494788773,0.0002389049518138468,0.03286963471101677,0.08757724963180934
compilation,configuration,configuration,False,0.8896489236936808,0.7933681920492835,google/guava,CI,pom.xml on JDK 21 on ubuntu-latest,Install,runtime.exit_code,ollama,0.855,False,feat_fw_junit=1; feat_fw_gradle=1; feat_is_java=1; feat_kw_config_fail=1; feat_config_no_compile=1; feat_step_is_setup=1; feat_primary_is_runtime=1; feat_config_missing_file=1; feat_first_error_before_tests=1; feat_error_in_setup_step=1,ï»¿Current runner version: '2.333.1' Hosted Compute Agent Version: 20260213.493 Commit: <SHA> Build Date: Worker ID: {be003477-9023-420f-a33c-2ab803c819bc} Azure Region: westus Ubuntu 24.04.4 LTS Image: ubuntu-24.04 Version: 20260406.80.1 Included Software: <url:github.com> Image Release: <url:github.com> Actions: write Contents: read Metadata: read Secret source: Actions Prepare workflow directory Prepare all required actions Getting action download info Download action repository 'styfle/cancel-workflow-action@<SHA>' (SHA:<SHA>) Download action repository 'actions/checkout@<SHA>' (SHA:<SHA>),0.09628073164439721,0.8896489236936808,8.101922303351221e-05,0.008416994210992113,0.005572331227896301
configuration,compilation,compilation,False,0.5637857290767716,0.209421947942661,pydantic/pydantic,Third party tests,Test BentoML (main branch) on Python 3.9,Install BentoML dependencies,runtime.exit_code,ollama,0.95,False,feat_step_is_setup=1; feat_primary_is_runtime=1; feat_first_error_before_tests=1; feat_error_in_setup_step=1; feat_has_dependency_install=1,"nfig --local --name-only --get-regexp http\.https\:\/\/github\.com\/\.extraheader [command]/usr/bin/git submodule foreach --recursive sh -c ""git config --local --name-only --get-regexp 'http\.https\:\/\/github\.com\/\.extraheader' && git config --local --unset-all 'http.<url:github.com> || :"" Removing includeIf entries pointing to credentials config files [command]/usr/bin/git config --local --name-only --get-regexp ^includeIf\.gitdir: [command]/usr/bin/git submodule foreach --recursive git config --local --show-origin --name-only --get-regexp remote.origin.url [command]/usr/bin/git config --f",0.5637857290767716,0.3543637811341106,0.0002555997774416076,0.04591822714956212,0.03567666286211413
configuration,compilation,compilation,False,0.5219219055066426,0.1345802446627487,hibernate/hibernate-orm,GH Actions CI reporting,Publish Develocity build scans,Publish Develocity build scans for previous builds,runtime.exit_code,ollama,0.95,False,feat_build_duration=82; feat_fw_gradle=1; feat_is_java=1; feat_kw_compile_fail=1; feat_compile_no_tests=1; feat_step_is_compile=1; feat_primary_is_runtime=1; feat_compile_build_task=1; feat_first_error_before_tests=1; feat_error_in_compile_step=1; feat_has_compile_task=1; feat_compile_over_config_guard=1,"5150182, Expected Digest: sha256:<HASH>) - build-scan-data-db2 (ID: 6496847118, Size: 5110796, Expected Digest: sha256:<HASH>) - build-scan-data-base-database-service-19c (ID: 6496817339, Size: 10677941, Expected Digest: sha256:<HASH>) - build-scan-data-sybase (ID: 6496736786, Size: 5036127, Expected Digest: sha256:<HASH>) - build-scan-data-mssql (ID: 6496715178, Size: 5143260, Expected Digest: sha256:<HASH>) - build-scan-data-mariadb (ID: 6496703196, Size: 5090237, Expected Digest: sha256:<HASH>) - build-scan-data-h2 (ID: 6496687306, Size: 5623504, Expected Digest: sha256:<HASH>) - build-scan",0.5219219055066426,0.38734166084389393,5.514521357065767e-05,0.011589082583369405,0.07909220585252344
compilation,configuration,configuration,False,0.9730145119027189,0.9556824941034991,elastic/elasticsearch,docs-build,build / build,Build documentation,config.file_path_missing,ollama,0.855,False,feat_is_java=1; feat_step_is_compile=1; feat_primary_is_config=1; feat_first_error_before_tests=1; feat_error_in_compile_step=1,ï»¿Current runner version: '2.333.1' Hosted Compute Agent Version: 20260213.493 Commit: <SHA> Build Date: Worker ID: {2566a3ee-174c-48e9-a371-28c42fe6b9ec} Azure Region: centralus Ubuntu 24.04.4 LTS Image: ubuntu-24.04 Version: 20260406.80.1 Included Software: <url:github.com> Image Release: <url:github.com> Contents: read Metadata: read Secret source: None Prepare workflow directory Prepare all required actions Getting action download info Download action repository 'actions/checkout@v6' (SHA:<SHA>) Download action repository 'elastic/docs-builder@main' (SHA:<SHA>) Uses: elastic/docs-actions/,0.017332017799219755,0.9730145119027189,3.072394158505916e-05,0.006712269324125795,0.002910477032350252
configuration,compilation,compilation,False,0.4343184815803638,0.15147101405893748,benoitc/gunicorn,lint,3.12 / tox-(other),Check generated docs,runtime.exit_code,ollama,0.95,False,feat_primary_is_runtime=1; feat_first_error_before_tests=1; feat_has_dependency_install=1,ï»¿Current runner version: '2.331.0' Hosted Compute Agent Version: 20260213.493 Commit: <SHA> Build Date: Worker ID: {b65acae2-3a7e-4169-95a4-2bf504a979fa} Azure Region: centralus Ubuntu 24.04.3 LTS Image: ubuntu-24.04 Version: 20260217.30.1 Included Software: <url:github.com> Image Release: <url:github.com> Contents: read Metadata: read Secret source: Actions Prepare workflow directory Prepare all required actions Getting action download info Download action repository 'actions/checkout@v6' (SHA:<SHA>) Download action repository 'actions/setup-python@v6' (SHA:<SHA>) Complete job name: 3.12 / ,0.4343184815803638,0.24071271267159447,0.00023307381832696146,0.0418882644082886,0.2828474675214263
configuration,compilation,compilation,False,0.5513166612264826,0.22331911174760527,checkstyle/checkstyle,Check PR Description,Analyze,Do action,runtime.exit_code,ollama,0.95,False,feat_is_java=1; feat_primary_is_runtime=1; feat_first_error_before_tests=1,ï»¿Current runner version: '2.333.1' Hosted Compute Agent Version: 20260213.493 Commit: <SHA> Build Date: Worker ID: {297b4732-4e3c-4da9-b6ce-6c1f8692f3e0} Azure Region: eastus Ubuntu 24.04.4 LTS Image: ubuntu-24.04 Version: 20260406.80.1 Included Software: <url:github.com> Image Release: <url:github.com> Contents: read Metadata: read Packages: read Secret source: None Prepare workflow directory Prepare all required actions Getting action download info Download action repository 'actions/checkout@v6' (SHA:<SHA>) Complete job name: Analyze with: repository: checkstyle/checkstyle token: *** ssh-,0.5513166612264826,0.3279975494788773,0.0002389049518138468,0.03286963471101677,0.08757724963180934
configuration,compilation,compilation,False,0.4343184815803638,0.15147101405893748,pypa/pipenv,CI,Ubuntu / 3.12,Run pypiserver with pipenv (Python 3.10+),runtime.exit_code,ollama,0.95,False,feat_primary_is_runtime=1; feat_first_error_before_tests=1; feat_has_dependency_install=1,token: *** ssh-strict: true ssh-user: git persist-credentials: true clean: true sparse-checkout-cone-mode: true fetch-depth: 1 fetch-tags: false show-progress: true lfs: false submodules: false set-safe-directory: true Syncing repository: pypa/pipenv Working directory is '/home/runner/work/pipenv/pipenv' [command]/usr/bin/git version git version 2.53.0 Temporarily overriding HOME='/home/runner/work/_temp/6da5e82b-0058-49db-b093-997b32038bcd' before making global git config changes Adding repository directory to the temporary git global config as a safe directory [command]/usr/bin/git config --,0.4343184815803638,0.24071271267159447,0.00023307381832696146,0.0418882644082886,0.2828474675214263
compilation,configuration,configuration,False,0.5108963735889769,0.0867106351401602,tox-dev/tox,check,tox env pkg_meta on ubuntu-24.04,Install tox@self,runtime.exit_code,ollama,0.81,False,feat_kw_config_fail=1; feat_config_no_compile=1; feat_step_is_setup=1; feat_primary_is_runtime=1; feat_config_missing_file=1; feat_first_error_before_tests=1; feat_error_in_setup_step=1,* [new tag] 3.27.1 -> 3.27.1 * [new tag] 3.28.0 -> 3.28.0 * [new tag] 3.3.0 -> 3.3.0 * [new tag] 3.4.0 -> 3.4.0 * [new tag] 3.5.0 -> 3.5.0 * [new tag] 3.5.1 -> 3.5.1 * [new tag] 3.5.2 -> 3.5.2 * [new tag] 3.5.3 -> 3.5.3 * [new tag] 3.6.0 -> 3.6.0 * [new tag] 3.6.1 -> 3.6.1 * [new tag] 3.7.0 -> 3.7.0 * [new tag] 3.8.0 -> 3.8.0 * [new tag] 3.8.1 -> 3.8.1 * [new tag] 3.8.2 -> 3.8.2 * [new tag] 3.8.3 -> 3.8.3 * [new tag] 3.8.4 -> 3.8.4 * [new tag] 3.8.5 -> 3.8.5 * [new tag] 3.8.6 -> 3.8.6 * [new tag] 3.9.0 -> 3.9.0 * [new tag] 4.0.0 -> 4.0.0 * [new tag] 4.0.0a1 -> 4.0.0a1 * [new tag] 4.0.0a10 -> 4,0.4241857384488167,0.5108963735889769,0.00018558233350377516,0.019575947029945556,0.045156358598757156
configuration,compilation,compilation,False,0.5211484748903545,0.23396736985997174,psf/black,diff-shades,compare / preview-new-changes,Generate HTML diff report,runtime.exit_code,ollama,0.9,False,feat_primary_is_runtime=1; feat_first_error_before_tests=1; feat_has_compile_task=1; feat_has_dependency_install=1,ï»¿Current runner version: '2.331.0' Hosted Compute Agent Version: 20260213.493 Commit: <SHA> Build Date: Worker ID: {9b161c0d-2925-4b03-86c3-5877e7ccc523} Azure Region: westus3 Ubuntu 24.04.3 LTS Image: ubuntu-24.04 Version: 20260224.36.1 Included Software: <url:github.com> Image Release: <url:github.com> Metadata: read Secret source: None Prepare workflow directory Prepare all required actions Getting action download info Download action repository 'actions/checkout@<SHA>' (SHA:<SHA>) Download action repository 'actions/download-artifact@<SHA>' (SHA:<SHA>) Download action repository 'actions,0.5211484748903545,0.1698880185393712,0.00010987703458235642,0.021672524505309005,0.2871811050303828
configuration,compilation,compilation,False,0.5513166612264826,0.22331911174760527,checkstyle/checkstyle,Check PR Description,Analyze,Do action,runtime.exit_code,ollama,0.95,False,feat_is_java=1; feat_primary_is_runtime=1; feat_first_error_before_tests=1,ï»¿Current runner version: '2.333.1' Hosted Compute Agent Version: 20260213.493 Commit: <SHA> Build Date: Worker ID: {66cbea42-a883-4a2e-b0d5-f5f9b9c4fab8} Azure Region: westus Ubuntu 24.04.4 LTS Image: ubuntu-24.04 Version: 20260413.86.1 Included Software: <url:github.com> Image Release: <url:github.com> Contents: read Metadata: read Packages: read Secret source: None Prepare workflow directory Prepare all required actions Getting action download info Download action repository 'actions/checkout@v6' (SHA:<SHA>) Complete job name: Analyze with: repository: checkstyle/checkstyle token: *** ssh-,0.5513166612264826,0.3279975494788773,0.0002389049518138468,0.03286963471101677,0.08757724963180934
configuration,compilation,compilation,False,0.8271980965224751,0.7540174625583622,checkstyle/checkstyle,no-exception testing,no-exception-openjdk20,Run .ci/no-exception-test.sh openjdk20-with-checks-nonjavadoc-error,compile.java_kotlin,ollama,0.855,False,feat_is_java=1; feat_step_is_test=1; feat_primary_is_compile=1; feat_first_error_before_tests=1; feat_error_in_test_step=1,ï»¿Current runner version: '2.333.1' Hosted Compute Agent Version: 20260213.493 Commit: <SHA> Build Date: Worker ID: {f4e7a387-c343-440a-91ce-e913be586972} Azure Region: westus3 Ubuntu 24.04.4 LTS Image: ubuntu-24.04 Version: 20260406.80.1 Included Software: <url:github.com> Image Release: <url:github.com> Contents: read Metadata: read Packages: read Secret source: None Prepare workflow directory Prepare all required actions Getting action download info Download action repository 'actions/setup-java@v5' (SHA:<SHA>) Download action repository 'actions/checkout@v6' (SHA:<SHA>) Complete job name:,0.8271980965224751,0.06087673452016107,0.006014533746681261,0.03273000124656978,0.07318063396411292
